StartDate,EndDate,Status,IPAddress,Progress,Duration (in seconds),Finished,RecordedDate,ResponseId,RecipientLastName,RecipientFirstName,RecipientEmail,ExternalReference,LocationLatitude,LocationLongitude,DistributionChannel,UserLanguage,Q2,Q3,Q4,Q6,Q7,Q8,Q117_First Click,Q117_Last Click,Q117_Page Submit,Q117_Click Count,Q10,Q11,Q12,Q13,Q14,Q20,Q16,Q118_First Click,Q118_Last Click,Q118_Page Submit,Q118_Click Count,Q18,Q19,Q21,Q22,Q23,Q24,Q25,Q26,Q119_First Click,Q119_Last Click,Q119_Page Submit,Q119_Click Count,Q29,Q30,Q33,Q34,Q35,Q36,Q37,Q38,Q39,Q41,Q42,Q43,Q44,Q45,Q46,Q47,Q48,Q50,Q51,Q53,Q54,Q55,Q56,Q57,Q58,Q59,Q61,Q62,Q63,Q64,Q65,Q66,Q67,Q68,Q70,Q71,Q73,Q74,Q75,Q76,Q77,Q78,Q79,Q81,Q82,Q83,Q84,Q85,Q86,Q87,Q88,Q90,Q91,Q93,Q94,Q95,Q96,Q97,Q98,Q99,Q101,Q102,Q103,Q104,Q105,Q106,Q107,Q108,Q114,Q115_1,Q115_2,Q115_3,Q115_4,Q115_5,Q115_6,Q116_1,Q116_2,Q116_3,Q116_4,Q116_5,Q116_6,Q116_7,Q116_8,Q116_9,Q116_10,Q116_11,Q116_12,Q116_13,Q116_14,Q116_15,Q116_16,Q116_17,Q116_18,Q116_19,Q116_20,Q116_21,Q116_22,Q112,Q113,Q113_4_TEXT,Q109,Q110,Q114,Q111,PROLIFIC_PID
Start Date,End Date,Response Type,IP Address,Progress,Duration (in seconds),Finished,Recorded Date,Response ID,Recipient Last Name,Recipient First Name,Recipient Email,External Data Reference,Location Latitude,Location Longitude,Distribution Channel,User Language,"Consent Statement

Please review the following information about this study.


 If you agree to participate in this study, we will ask you to complete a sequence of visualization description tasks.
 We expect this study to take 15 minutes, and you will receive $3.50 as compensation.
 We don't anticipate any risks from participating in this study to be greater than normal activity.
 There will be no direct benefits to you other than compensation.
 No personally identifying information will be revealed to anyone other than the researchers conducting this study.
 The records of this study will be kept private. In any sort of report we make public, we will not include any information that will make it possible to identify you.
 Research records will be kept on encrypted serves. Only the researchers will have access to the records.
 Participating in this study is completely voluntary. If you decline to participate, it will not affect your current or future relationship with the researchers.
 If you agree to participate, you are free to withdraw at any time. We will delete any data related to your participation upon your request.
 You may ask any questions about the research at any time. If you have questions about the research after you leave today you should contact Arvind Satyanarayan.
 If you are not satisfied with response of research team, have more questions, or want to talk with someone about your rights as a research participant, you should contact the MIT Committee on the Use of Humans as Experimental Subjects (COUHES).","Eligibility Statement

You are eligible for this study if and only if:

You are sighted and do not have color blindness or other color vision impairment.
 You are comfortable reading and writing in English.
 You are over 18 years of age.
 You are comfortable with interpreting charts and graphics.
 You have JavaScript enabled in your browser.",Please enter your Prolific ID here:,What was the most visited theme park in 2011?,Which theme park saw the greatest change in attendance in 2010?,Approximately how many people visited Universal Studios Japan in 2011?,Timing - First Click,Timing - Last Click,Timing - Page Submit,Timing - Click Count,Why do you think someone made this graph?,Do you think this chart is...,Do you think this chart is...,Do you think this chart is...,Do you think this chart is...,How confident are you in your answers to these questions?,"Please explain your answers. What characteristics of the chart affected your responses to the questions? For any questions you marked ""Don't Know/Can't Say"", why did you feel you were unable to rate the chart on the given scale?",Timing - First Click,Timing - Last Click,Timing - Page Submit,Timing - Click Count,Who do you think made this chart?,Do you think the author of this chart is an...,Do you think the author of this chart is...,Do you think the author of this chart is...,Do you think the author of this chart is...,Do you think the author of this chart is...,How confident are you in your answers to these questions?,"Please explain your answers. What characteristics of the chart affected your responses to the questions? For any questions you marked ""Don't Know/Can't Say"", why did you feel you were unable to rate the chart on the given scale?",Timing - First Click,Timing - Last Click,Timing - Page Submit,Timing - Click Count,"In 2013, which country spent the greatest proportion of their GDP on military spending?",How many dollars did South Korea spend on the military in 2013?,Why do you think someone made this graph?,Do you think this chart is...,Do you think this chart is...,Do you think this chart is...,Do you think this chart is...,How confident are you in your answers to these questions?,"Please explain your answers. What characteristics of the chart affected your responses to the questions? For any questions you marked ""Don't Know/Can't Say"", why did you feel you were unable to rate the chart on the given scale?",Who do you think made this chart?,Do you think the author of this chart is an...,Do you think the author of this chart is...,Do you think the author of this chart is...,Do you think the author of this chart is...,Do you think the author of this chart is...,How confident are you in your answers to these questions?,"Please explain your answers. What characteristics of the chart affected your responses to the questions? For any questions you marked ""Don't Know/Can't Say"", why did you feel you were unable to rate the chart on the given scale?","Which company contributed approximately $500,000?",Which company contributed the most to homophobic politicians in 2020?,Why do you think someone made this graph?,Do you think this chart is...,Do you think this chart is...,Do you think this chart is...,Do you think this chart is...,How confident are you in your answers to these questions?,"Please explain your answers. What characteristics of the chart affected your responses to the questions? For any questions you marked ""Don't Know/Can't Say"", why did you feel you were unable to rate the chart on the given scale?",Who do you think made this chart?,Do you think the author of this chart is an...,Do you think the author of this chart is...,Do you think the author of this chart is...,Do you think the author of this chart is...,Do you think the author of this chart is...,How confident are you in your answers to these questions?,"Please explain your answers. What characteristics of the chart affected your responses to the questions? For any questions you marked ""Don't Know/Can't Say"", why did you feel you were unable to rate the chart on the given scale?",Which party saw the greatest number of deaths across 2004–2009?,When did the greatest number of deaths occur?,Why do you think someone made this graph?,Do you think this chart is...,Do you think this chart is...,Do you think this chart is...,Do you think this chart is...,How confident are you in your answers to these questions?,"Please explain your answers. What characteristics of the chart affected your responses to the questions? For any questions you marked ""Don't Know/Can't Say"", why did you feel you were unable to rate the chart on the given scale?",Who do you think made this chart?,Do you think the author of this chart is an...,Do you think the author of this chart is...,Do you think the author of this chart is...,Do you think the author of this chart is...,Do you think the author of this chart is...,How confident are you in your answers to these questions?,"Please explain your answers. What characteristics of the chart affected your responses to the questions? For any questions you marked ""Don't Know/Can't Say"", why did you feel you were unable to rate the chart on the given scale?",Approximately how many trees are there in the highest income neighborhoods?,What is the least number of trees any given neighborhood has?,Why do you think someone made this graph?,Do you think this chart is...,Do you think this chart is...,Do you think this chart is...,Do you think this chart is...,How confident are you in your answers to these questions?,"Please explain your answers. What characteristics of the chart affected your responses to the questions? For any questions you marked ""Don't Know/Can't Say"", why did you feel you were unable to rate the chart on the given scale?",Who do you think made this chart?,Do you think the author of this chart is an...,Do you think the author of this chart is...,Do you think the author of this chart is...,Do you think the author of this chart is...,Do you think the author of this chart is...,How confident are you in your answers to these questions?,"Please explain your answers. What characteristics of the chart affected your responses to the questions? For any questions you marked ""Don't Know/Can't Say"", why did you feel you were unable to rate the chart on the given scale?","Generally speaking, would you say that most people can be trusted or that you need to be very careful in dealing with people?","How much you trust people from various groups. For each group, do you trust people from this group completely, somewhat, not very much or not at all? - Your family","How much you trust people from various groups. For each group, do you trust people from this group completely, somewhat, not very much or not at all? - Your neighborhood","How much you trust people from various groups. For each group, do you trust people from this group completely, somewhat, not very much or not at all? - People you know personally","How much you trust people from various groups. For each group, do you trust people from this group completely, somewhat, not very much or not at all? - People you meet for the first time","How much you trust people from various groups. For each group, do you trust people from this group completely, somewhat, not very much or not at all? - People of another religion","How much you trust people from various groups. For each group, do you trust people from this group completely, somewhat, not very much or not at all? - People of another nationality","How much confidence do you have in various organizations. For each organization, a great deal of confidence, quite a lot of confidence, not very much confidence or none at all? - Religious institutions (e.g., churches, mosques, temples, synagogues, etc.).","How much confidence do you have in various organizations. For each organization, a great deal of confidence, quite a lot of confidence, not very much confidence or none at all? - The armed forces","How much confidence do you have in various organizations. For each organization, a great deal of confidence, quite a lot of confidence, not very much confidence or none at all? - The press","How much confidence do you have in various organizations. For each organization, a great deal of confidence, quite a lot of confidence, not very much confidence or none at all? - Television","How much confidence do you have in various organizations. For each organization, a great deal of confidence, quite a lot of confidence, not very much confidence or none at all? - Labor Unions","How much confidence do you have in various organizations. For each organization, a great deal of confidence, quite a lot of confidence, not very much confidence or none at all? - The police","How much confidence do you have in various organizations. For each organization, a great deal of confidence, quite a lot of confidence, not very much confidence or none at all? - The courts","How much confidence do you have in various organizations. For each organization, a great deal of confidence, quite a lot of confidence, not very much confidence or none at all? - The government","How much confidence do you have in various organizations. For each organization, a great deal of confidence, quite a lot of confidence, not very much confidence or none at all? - Political parties","How much confidence do you have in various organizations. For each organization, a great deal of confidence, quite a lot of confidence, not very much confidence or none at all? - Congress","How much confidence do you have in various organizations. For each organization, a great deal of confidence, quite a lot of confidence, not very much confidence or none at all? - The civil service","How much confidence do you have in various organizations. For each organization, a great deal of confidence, quite a lot of confidence, not very much confidence or none at all? - Universities","How much confidence do you have in various organizations. For each organization, a great deal of confidence, quite a lot of confidence, not very much confidence or none at all? - Elections","How much confidence do you have in various organizations. For each organization, a great deal of confidence, quite a lot of confidence, not very much confidence or none at all? - Major companies","How much confidence do you have in various organizations. For each organization, a great deal of confidence, quite a lot of confidence, not very much confidence or none at all? - Banks","How much confidence do you have in various organizations. For each organization, a great deal of confidence, quite a lot of confidence, not very much confidence or none at all? - Environmental Organizations","How much confidence do you have in various organizations. For each organization, a great deal of confidence, quite a lot of confidence, not very much confidence or none at all? - Women’s organizations","How much confidence do you have in various organizations. For each organization, a great deal of confidence, quite a lot of confidence, not very much confidence or none at all? - Charitable or humanitarian organizations","How much confidence do you have in various organizations. For each organization, a great deal of confidence, quite a lot of confidence, not very much confidence or none at all? - NAFTA","How much confidence do you have in various organizations. For each organization, a great deal of confidence, quite a lot of confidence, not very much confidence or none at all? - The UN","How much confidence do you have in various organizations. For each organization, a great deal of confidence, quite a lot of confidence, not very much confidence or none at all? - NATO","How much confidence do you have in various organizations. For each organization, a great deal of confidence, quite a lot of confidence, not very much confidence or none at all? - The WHO",How old are you?,How do you describe yourself? - Selected Choice,How do you describe yourself? - Prefer to self-describe - Text,Choose one or more races that you consider yourself to be,What is the highest level of education you have completed?,What best describes your employment status over the last three months?,What was your total household income before taxes during the past 12 months?,PROLIFIC_PID
"{""ImportId"":""startDate"",""timeZone"":""America/Denver""}","{""ImportId"":""endDate"",""timeZone"":""America/Denver""}","{""ImportId"":""status""}","{""ImportId"":""ipAddress""}","{""ImportId"":""progress""}","{""ImportId"":""duration""}","{""ImportId"":""finished""}","{""ImportId"":""recordedDate"",""timeZone"":""America/Denver""}","{""ImportId"":""_recordId""}","{""ImportId"":""recipientLastName""}","{""ImportId"":""recipientFirstName""}","{""ImportId"":""recipientEmail""}","{""ImportId"":""externalDataReference""}","{""ImportId"":""locationLatitude""}","{""ImportId"":""locationLongitude""}","{""ImportId"":""distributionChannel""}","{""ImportId"":""userLanguage""}","{""ImportId"":""QID1317169827""}","{""ImportId"":""QID1317169828""}","{""ImportId"":""QID1317169829_TEXT""}","{""ImportId"":""QID7""}","{""ImportId"":""QID8""}","{""ImportId"":""QID9_TEXT""}","{""ImportId"":""QID118_FIRST_CLICK""}","{""ImportId"":""QID118_LAST_CLICK""}","{""ImportId"":""QID118_PAGE_SUBMIT""}","{""ImportId"":""QID118_CLICK_COUNT""}","{""ImportId"":""QID11_TEXT""}","{""ImportId"":""QID12""}","{""ImportId"":""QID13""}","{""ImportId"":""QID14""}","{""ImportId"":""QID15""}","{""ImportId"":""QID21""}","{""ImportId"":""QID17_TEXT""}","{""ImportId"":""QID119_FIRST_CLICK""}","{""ImportId"":""QID119_LAST_CLICK""}","{""ImportId"":""QID119_PAGE_SUBMIT""}","{""ImportId"":""QID119_CLICK_COUNT""}","{""ImportId"":""QID19_TEXT""}","{""ImportId"":""QID20""}","{""ImportId"":""QID22""}","{""ImportId"":""QID23""}","{""ImportId"":""QID24""}","{""ImportId"":""QID25""}","{""ImportId"":""QID26""}","{""ImportId"":""QID27_TEXT""}","{""ImportId"":""QID120_FIRST_CLICK""}","{""ImportId"":""QID120_LAST_CLICK""}","{""ImportId"":""QID120_PAGE_SUBMIT""}","{""ImportId"":""QID120_CLICK_COUNT""}","{""ImportId"":""QID29""}","{""ImportId"":""QID30""}","{""ImportId"":""QID33_TEXT""}","{""ImportId"":""QID34""}","{""ImportId"":""QID35""}","{""ImportId"":""QID36""}","{""ImportId"":""QID37""}","{""ImportId"":""QID38""}","{""ImportId"":""QID39_TEXT""}","{""ImportId"":""QID41_TEXT""}","{""ImportId"":""QID42""}","{""ImportId"":""QID43""}","{""ImportId"":""QID44""}","{""ImportId"":""QID45""}","{""ImportId"":""QID46""}","{""ImportId"":""QID47""}","{""ImportId"":""QID48_TEXT""}","{""ImportId"":""QID50""}","{""ImportId"":""QID51""}","{""ImportId"":""QID53_TEXT""}","{""ImportId"":""QID54""}","{""ImportId"":""QID55""}","{""ImportId"":""QID56""}","{""ImportId"":""QID57""}","{""ImportId"":""QID58""}","{""ImportId"":""QID59_TEXT""}","{""ImportId"":""QID61_TEXT""}","{""ImportId"":""QID62""}","{""ImportId"":""QID63""}","{""ImportId"":""QID64""}","{""ImportId"":""QID65""}","{""ImportId"":""QID66""}","{""ImportId"":""QID67""}","{""ImportId"":""QID68_TEXT""}","{""ImportId"":""QID70""}","{""ImportId"":""QID71""}","{""ImportId"":""QID73_TEXT""}","{""ImportId"":""QID74""}","{""ImportId"":""QID75""}","{""ImportId"":""QID76""}","{""ImportId"":""QID77""}","{""ImportId"":""QID78""}","{""ImportId"":""QID79_TEXT""}","{""ImportId"":""QID81_TEXT""}","{""ImportId"":""QID82""}","{""ImportId"":""QID83""}","{""ImportId"":""QID84""}","{""ImportId"":""QID85""}","{""ImportId"":""QID86""}","{""ImportId"":""QID87""}","{""ImportId"":""QID88_TEXT""}","{""ImportId"":""QID90""}","{""ImportId"":""QID91""}","{""ImportId"":""QID93_TEXT""}","{""ImportId"":""QID94""}","{""ImportId"":""QID95""}","{""ImportId"":""QID96""}","{""ImportId"":""QID97""}","{""ImportId"":""QID98""}","{""ImportId"":""QID99_TEXT""}","{""ImportId"":""QID101_TEXT""}","{""ImportId"":""QID102""}","{""ImportId"":""QID103""}","{""ImportId"":""QID104""}","{""ImportId"":""QID105""}","{""ImportId"":""QID106""}","{""ImportId"":""QID107""}","{""ImportId"":""QID108_TEXT""}","{""ImportId"":""QID115""}","{""ImportId"":""QID116_1""}","{""ImportId"":""QID116_2""}","{""ImportId"":""QID116_3""}","{""ImportId"":""QID116_4""}","{""ImportId"":""QID116_5""}","{""ImportId"":""QID116_6""}","{""ImportId"":""QID117_1""}","{""ImportId"":""QID117_2""}","{""ImportId"":""QID117_3""}","{""ImportId"":""QID117_4""}","{""ImportId"":""QID117_5""}","{""ImportId"":""QID117_6""}","{""ImportId"":""QID117_7""}","{""ImportId"":""QID117_8""}","{""ImportId"":""QID117_9""}","{""ImportId"":""QID117_10""}","{""ImportId"":""QID117_11""}","{""ImportId"":""QID117_12""}","{""ImportId"":""QID117_13""}","{""ImportId"":""QID117_14""}","{""ImportId"":""QID117_15""}","{""ImportId"":""QID117_16""}","{""ImportId"":""QID117_17""}","{""ImportId"":""QID117_18""}","{""ImportId"":""QID117_19""}","{""ImportId"":""QID117_20""}","{""ImportId"":""QID117_21""}","{""ImportId"":""QID117_22""}","{""ImportId"":""QID112""}","{""ImportId"":""QID113""}","{""ImportId"":""QID113_4_TEXT""}","{""ImportId"":""QID109""}","{""ImportId"":""QID110""}","{""ImportId"":""QID114""}","{""ImportId"":""QID111""}","{""ImportId"":""PROLIFIC_PID""}"
2023-07-10 12:24:25,2023-07-10 12:29:33,Survey Preview,,100,307,True,2023-07-10 12:29:36,R_300O2lLstOP2HmE,,,,,42.3545,-71.0704,preview,EN,,,,,,,,,,,,,,,,,,,,,,,,,,,,,,,,,,,,,,,,,Extremely confident,,,,,,,,,,,,,,,,,,,,,,,,,,,,,,,,,,,,,,,,,,,,,,,,,,,,,,,,,,,,,,,,,,,,,,,,,,,,,,,,,,,,,,,,,,,,,,,,,
2023-07-10 13:04:32,2023-07-10 13:15:00,IP Address,35.148.157.59,100,627,True,2023-07-10 13:15:01,R_1N4F2E82l3idUTa,,,,,34.6895,-77.3611,anonymous,EN,I have read the above information and AGREE to participate in this study.,I have read the above information and attest that I AM eligible to participate in this study.,5f77b0c71436cf1d275d79d0,Magic Kingdom at Walt Disney Work (US),Nagashima Spa Land (Japan),7000000,10.787,66.718,71.52,18,"No idea ",2,4,3,3,Neither confident nor unconfident,I don’t know the context for this chart,2.503,22.089,28.992,13,"The economist ",Expert,Responsible,Honest,2,2,Somewhat confident,I recognize the style of the chart,1.721,18.563,27.557,16,U.S.,$33.9 billion,To show how much the US spends on the military,4,2,2,2,Neither confident nor unconfident,It’s trying to highlight the US,A magazine employee,Expert,2,3,3,3,Neither confident nor unconfident,The chart looks professionally made,Amazon,AT&T,To push people away from certain companies,Seeking to persuade,Politically motivated,2,2,Neither confident nor unconfident,They had to make a judgment call about homophobic politicians,A child,Amateur,3,2,3,3,Neither confident nor unconfident,It’s not a well made chart,Iraqi forces,Winter 2006,To show death toll,3,2,3,2,Neither confident nor unconfident,It could be politically motivated but I don’t know,"The economist ",Expert,Responsible,Honest,3,2,Somewhat confident,I recognize the style of the chart,750,275,To show that poorer neighborhoods have less trees,2,3,3,3,Somewhat unconfident,I just can’t tell what the creator’s motivations were,"A graphic designer ",Expert,2,2,2,2,Somewhat unconfident,I don’t know the creator personally,Most people can be trusted,Trust somewhat,Trust somewhat,Trust somewhat,Do not trust very much,Trust somewhat,Do not trust very much,Not very much,Not very much,Not very much,Not very much,Not very much,Quite a lot,Not very much,Not very much,None at all,Not very much,Not very much,Not very much,Quite a lot,Not very much,Quite a lot,Not very much,Not very much,Not very much,Not very much,Not very much,Not very much,Quite a lot,25-34 years old,Female,,White or Caucasian,"Graduate or professional degree (MA, MS, MBA, PhD, JD, MD, DDS etc.)",Working full-time,"$150,000 or more",5f77b0c71436cf1d275d79d0
2023-07-10 13:04:59,2023-07-10 13:15:41,IP Address,174.97.46.135,100,641,True,2023-07-10 13:15:42,R_1jKeftBlpOhBQHp,,,,,40.0732,-82.4017,anonymous,EN,I have read the above information and AGREE to participate in this study.,I have read the above information and attest that I AM eligible to participate in this study.,62e2d5c238c450c3579dfa91,Magic Kingdom at Walt Disney Work (US),Nagashima Spa Land (Japan),9000000,13.975,100.681,109.114,4,Information on theme parks,Seeking to inform,Not politically motivated,4,Unbiased,Somewhat confident,n/a,2.104,20.663,24.155,11,Attendance Reporters,Expert,Responsible,Honest,2,Like you,Somewhat confident,n/a,1.462,16.405,18.331,8,U.S.,$33.9 billion,"To provide information ",Seeking to inform,Not politically motivated,Straightforward,Unbiased,Extremely confident,Pretty self explanatory,A research institute,2,Responsible,2,2,2,Somewhat confident,Not too much really,Amazon,AT&T,To get people's views on how they saw the LGBTQ+ community,Seeking to persuade,2,3,3,Somewhat confident,Ideally just the brand names,Someone who's in support of the LGBTQ+,3,3,2,3,3,Neither confident nor unconfident,Not too sure.,Civilians,Winter 2006,Research institute,2,Not politically motivated,Straightforward,Unbiased,Somewhat confident,It's a graph,Research institute,2,2,2,2,2,Neither confident nor unconfident,n/a,700,210,"To show information ",2,Not politically motivated,4,Unbiased,Somewhat confident,n/a,Researchers,2,2,2,3,3,Somewhat confident,n/a,Need to be very careful,Trust somewhat,Trust somewhat,Trust somewhat,Do not trust very much,Do not trust very much,Do not trust very much,A great deal,Quite a lot,Not very much,Not very much,Not very much,Not very much,Not very much,Not very much,None at all,Not very much,Not very much,Quite a lot,Not very much,Quite a lot,Quite a lot,Quite a lot,Quite a lot,Quite a lot,Quite a lot,Quite a lot,Not very much,Quite a lot,18-24 years old,Male,,White or Caucasian,High school diploma or GED,Working part-time,"Less than $25,000",62e2d5c238c450c3579dfa91
2023-07-10 12:58:12,2023-07-10 13:24:41,IP Address,69.119.167.183,100,1588,True,2023-07-10 13:24:42,R_3dDPHbBrnT9cUa9,,,,,40.7047,-73.5933,anonymous,EN,I have read the above information and AGREE to participate in this study.,I have read the above information and attest that I AM eligible to participate in this study.,5eb070eb793af1113c01e244,Magic Kingdom at Walt Disney Work (US),Nagashima Spa Land (Japan),8000000,67.19,141.963,148.18,6,To compare theme park attendance in 2011 vs. 2010,Seeking to inform,Not politically motivated,Straightforward,Unbiased,Somewhat confident,Theme park attendance is a fairly neutral topic. i have a hard time believing this was politically motivated.,18.088,139.148,146.495,8,Maybe an analyst,3,Don't know/Can't say,Don't know/Can't say,Don't know/Can't say,Don't know/Can't say,Neither confident nor unconfident,Absolutely impossible to know any of those characteristics with certainty.,12.254,45.158,87.222,10,U.S.,$33.9 billion,To visualize military spending across countries,2,Don't know/Can't Say,Don't know/Can't Say,Don't know/Can't Say,Neither confident nor unconfident,Just taking the chart at face value.,Maybe a think tank.,Don't know/Can't say,Don't know/Can't say,Don't know/Can't say,Don't know/Can't say,Don't know/Can't say,Neither confident nor unconfident,Cant know those things based ob the chart alone,Amazon,AT&T,"To call out hypocritical organizations ",Seeking to persuade,Politically motivated,Don't know/Can't Say,Don't know/Can't Say,Neither confident nor unconfident,The chart seems politically motivated. But can't be sure of the data.,LGBTQ organzation,Don't know/Can't say,Don't know/Can't say,Don't know/Can't say,Don't know/Can't say,Don't know/Can't say,Neither confident nor unconfident,can't tell characteristics of chart creator.,Civilians,Winter 2006,To chart a comparison of types of deaths and when they occurred during the Iraqi War.,Don't know/Can't Say,Don't know/Can't Say,Don't know/Can't Say,Don't know/Can't Say,Somewhat confident,"If the information is factual, then it is difficult to know if there was a hidden agenda present.",a reporter,3,Don't know/Can't say,Don't know/Can't say,Don't know/Can't say,Don't know/Can't say,Somewhat confident,There is no way to know just based on the chart itself what the personal characteristics are of the creator.,800,210,to show how income disparity affects neighborhood surroundings,Seeking to inform,Don't know/Can't Say,Don't know/Can't Say,Don't know/Can't Say,Somewhat confident,Motivations for the chart are difficult to know for sure.,Maybe a diversity organization,Don't know/Can't say,Don't know/Can't say,Don't know/Can't say,Don't know/Can't say,Don't know/Can't say,Neither confident nor unconfident,"Again, the chart as stand alone item doesn't indicate anything regarding its creator or their motivations",Need to be very careful,Trust completely,Trust somewhat,Trust completely,Trust somewhat,Trust somewhat,Trust somewhat,Quite a lot,Quite a lot,Not very much,Not very much,Quite a lot,Quite a lot,Not very much,Not very much,Not very much,Not very much,Quite a lot,Quite a lot,Quite a lot,Not very much,Not very much,Not very much,Quite a lot,Quite a lot,Not very much,Quite a lot,Quite a lot,Quite a lot,45-54 years old,Male,,White or Caucasian,Bachelor’s degree,Working full-time,Prefer not to say,5eb070eb793af1113c01e244
2023-07-10 12:58:36,2023-07-10 13:28:37,IP Address,98.187.102.170,100,1800,True,2023-07-10 13:28:38,R_2e5B5K9mvLsUTiv,,,,,36.4691,-94.3219,anonymous,EN,I have read the above information and AGREE to participate in this study.,I have read the above information and attest that I AM eligible to participate in this study.,640e2036e0ad54ebd72a767d,Magic Kingdom at Walt Disney Work (US),Nagashima Spa Land (Japan),8000000,30.204,144.815,151.242,3,To demonstrate the popularity of Walt Disney World theme parks or it could have been to show investors how well the parks are performing.,Seeking to inform,Not politically motivated,Straightforward,Unbiased,Extremely confident,The chart appears straightforward and professional.  There are a number of business reasons why the chart could have been made.  It also could be featured in a travel article and supply information from a travel perspective.  It could be used for a consumer report as well.,10.964,170.114,186.906,10,It could have been prepared by the company for a shareholder report or it could have been prepared for a consumer report.  It also could have been prepared for an article on travel.  It is hard to say without context.,Expert,Don't know/Can't say,Don't know/Can't say,Don't know/Can't say,Don't know/Can't say,Extremely confident,"Without any context it is hard to say what kind of person prepared this chart.  If I saw this chart in a travel article or a shareholder's report then I would trust the source.  ",4.87,89.725,135.376,8,Saudi Arabia,$33.9 billion,"It was made by the Stockholm International Peace Research Institute so likely they were trying to demonstrate how much money was spent on defense.  ",Seeking to persuade,Politically motivated,Straightforward,Unbiased,Extremely confident,I feel like the data is likely very accurate and they are trying to persuade people that if the nations were to coexist in peace then there would be more money to apply to other projects that would benefit mankind.,Stockholm International Peace Research Institute,Expert,Responsible,Honest,Don't know/Can't say,Don't know/Can't say,Extremely confident,The fact that it came from a reputable international agency.,Amazon,AT&T,To inform the public of companies that profess to uphold diversity while supporting politicians who do not support diversity.,Seeking to persuade,Politically motivated,Manipulative,Biased,Extremely confident,"The phrase ""homophobic politicians"" in the heading was the characteristic of the chart that most affected my responses to the questions. ",Someone from the LBGTQ community,Amateur,Don't know/Can't say,Don't know/Can't say,Don't know/Can't say,Unlike you,Extremely confident,"The chart is very amateurish - particularly the graphics and the heading.  Not only is the heading in a cursive font but it is not well written either.  ",Civilians,Winter 2006,An anti-war activist,Seeking to inform,Politically motivated,Straightforward,3,Extremely confident,It appears to be made by an activist who is demonstrating how the war in Iraq is killing innocent bystanders.,An anti-war activist.,Expert,Responsible,Don't know/Can't say,Don't know/Can't say,Don't know/Can't say,Extremely confident,"This chart was made by someone seeking to provide information demonstrating the cost of the war in human lives.  I don't know who made it so I don't know if they are like me, or whether they are honest or dishonest.",750,210,They were trying to prove a correlation between income and the number of trees in a neighborhood.,Seeking to persuade,Politically motivated,Don't know/Can't Say,Don't know/Can't Say,Extremely confident,"There is no context to this chart so I'm not sure exactly what the creator is trying to prove, but it seems to attempt to draw a correlation between income levels and the number of trees in a neighborhood.  ",I think a researcher made this chart.  Someone who was attempting to prove a correlation between those with high income and the number of trees that they have in their neighborhood.,Amateur,Don't know/Can't say,Don't know/Can't say,3,Don't know/Can't say,Somewhat confident,It seems like a simple chart ad the graphics make it appear a little amateurish.,Most people can be trusted,Trust completely,Trust completely,Trust completely,Trust somewhat,Trust somewhat,Trust somewhat,Quite a lot,Not very much,Not very much,Not very much,Not very much,Quite a lot,Quite a lot,Not very much,None at all,None at all,Quite a lot,Quite a lot,None at all,Not very much,Not very much,Not very much,Not very much,Not very much,Not very much,Not very much,Not very much,Not very much,55-64 years old,Female,,White or Caucasian,Bachelor’s degree,Working full-time,"$75,000-$99,999",640e2036e0ad54ebd72a767d
2023-07-10 13:06:44,2023-07-10 13:37:19,IP Address,70.127.229.114,100,1835,True,2023-07-10 13:37:20,R_1KoIuTLv0PVabXM,,,,,27.9455,-82.4598,anonymous,EN,I have read the above information and AGREE to participate in this study.,I have read the above information and attest that I AM eligible to participate in this study.,611285de4477f8152efce6e8,Magic Kingdom at Walt Disney Work (US),Nagashima Spa Land (Japan),7.5,22.344,135.442,140.313,7,To show the top 20 theme parks in the world,Seeking to inform,Not politically motivated,Straightforward,Unbiased,Extremely confident,"This chart is definitely seeking to inform. ",7.079,81.914,82.414,9,TEA/AECOM,Expert,Responsible,Honest,Down to earth,3,Extremely confident,It was clearly made by an expert.,2.441,32.546,40.444,10,U.S.,$33.9 billion,"To show how much different countries spend on their militaries. ",2,3,3,3,Extremely confident,"I think the institute created this graphic for a specific reason related to their agenda. ",Han Chang-duk of the Stockholm International Peace Research Institute,2,2,2,2,2,Somewhat confident,I haven't heard of this organization but they clearly have an agenda regarding military spending.,Amazon,AT&T,"To show that large companies try to cater to the public but also pay politicians for influence. ",2,Politically motivated,3,2,Somewhat confident,"This chart was created to inform but I also feel it is meant to convince supporters to avoid these companies and their products. ",Students,3,Don't know/Can't say,Don't know/Can't say,2,2,Somewhat confident,"This seems to be an informative chart but without sources cited at the bottom it can be seen as inflammatory and potentially fake data. ",Civilians,Winter 2006,To show the number of deaths during the Iraq war and what groups they belonged to,2,2,3,3,Somewhat confident,This data comes from WikiLeaks so it's clearly trying to show something that the public may not be aware of.,The Guardian,2,2,2,2,2,Somewhat confident,The fact that the data comes from WikiLeaks,700,210,"To show that lower income neighborhoods don't have as many trees. ",Seeking to inform,3,Straightforward,4,Somewhat confident,"It's a creative way of showing the average number of trees in neighborhoods based on income. ",A student,3,2,2,2,2,Somewhat confident,This chart seems like it was made by a student. It is informative and tries to make a point but it's lacking sources.,Need to be very careful,Trust completely,Trust somewhat,Trust completely,Trust somewhat,Trust somewhat,Trust somewhat,Not very much,Quite a lot,Quite a lot,Not very much,Quite a lot,Not very much,Not very much,Not very much,None at all,Not very much,Quite a lot,Quite a lot,Quite a lot,Not very much,Not very much,Quite a lot,Quite a lot,Quite a lot,Not very much,Not very much,Quite a lot,Quite a lot,35-44 years old,Female,,Other,"Graduate or professional degree (MA, MS, MBA, PhD, JD, MD, DDS etc.)",Other,"$50,000-$74,999",611285de4477f8152efce6e8
2023-07-10 13:03:59,2023-07-10 13:42:36,IP Address,174.229.0.34,100,2317,True,2023-07-10 13:42:37,R_2sZSNOZO1jKR2tq,,,,,33.5226,-86.8033,anonymous,EN,I have read the above information and AGREE to participate in this study.,I have read the above information and attest that I AM eligible to participate in this study.,5f8737c71a44ac11b9481ab8,Magic Kingdom at Walt Disney Work (US),Nagashima Spa Land (Japan),8000000,17.688,103.328,105.063,18,To show attendance of theme parks,2,Not politically motivated,4,2,Neither confident nor unconfident,"It might be biased towards Disney, wanting to show that they're the most popular ",74.457,107.277,131.253,22,"Maybe Disney ",Expert,Responsible,Honest,2,2,Somewhat confident,"I feel like the chart is accurate ",1.954,125.74,133.3,28,U.S.,$33.9 billion,"To show the military budget of different countries ",Seeking to inform,2,4,3,Somewhat confident,"The chart could be politically motivated. They could be trying to make the US seem superior ","I'm not sure ",2,Don't know/Can't say,2,Don't know/Can't say,2,Somewhat confident,"I don't have enough information about the author ",Amazon,AT&T,"To show the hypocrisy of the businesses ",3,2,4,2,Somewhat confident,"I feel like it's biased and trying to discredit these companies without full context ","An LGBTQ activist group ",Amateur,2,3,2,2,Neither confident nor unconfident,"I feel like it's a little biased ",Civilians,Winter 2006,To inform people about the death toll in the Iraq war,Seeking to inform,Not politically motivated,Straightforward,Unbiased,Extremely confident,"I don't see how that could be biased ","Maybe an antiwar group ",2,Responsible,Honest,Down to earth,Like you,Somewhat confident,"I feel like the chart and person is accurate ",700,250,"To show the number of trees in different neighborhoods ",Seeking to inform,Not politically motivated,Straightforward,Unbiased,Extremely confident,I don't know how it could be political or biased,"Maybe an environmentalist group ",Expert,Responsible,Honest,Down to earth,Like you,Extremely confident,"I feel like they're honest and accurate ",Most people can be trusted,Trust completely,Trust somewhat,Trust somewhat,Trust somewhat,Trust somewhat,Trust somewhat,Quite a lot,Not very much,Quite a lot,Not very much,Quite a lot,Not very much,Not very much,Not very much,None at all,Not very much,Not very much,Quite a lot,Quite a lot,Not very much,Quite a lot,A great deal,A great deal,A great deal,Not very much,Quite a lot,Quite a lot,Not very much,18-24 years old,Male,,White or Caucasian,High school diploma or GED,Working part-time,"$50,000-$74,999",5f8737c71a44ac11b9481ab8
2023-07-10 13:01:19,2023-07-10 13:50:51,IP Address,216.238.174.130,100,2971,True,2023-07-10 13:50:51,R_1ClM3oWyOibPxlk,,,,,44.2656,-72.425,anonymous,EN,I have read the above information and AGREE to participate in this study.,I have read the above information and attest that I AM eligible to participate in this study.,5cad4750f4115800176d506e,Magic Kingdom at Walt Disney Work (US),Tokyo Disney Sea (Japan),8000000,8.915,132.175,142.198,35,I don't know.,Don't know/Can't Say,4,Don't know/Can't Say,Don't know/Can't Say,Somewhat unconfident,"Because I don't know the purpose behind the graph, I can't answer the majority of questions. However, the topic doesn't seem politically motivated, unless its someone trying to convince DeSantis how bad it is for his career to keep attacking disney.",1.816,159.956,182.994,31,I don't know.,Don't know/Can't say,Don't know/Can't say,Don't know/Can't say,Don't know/Can't say,Don't know/Can't say,Neither confident nor unconfident,"I can't tell the purpose behind the chart, so it gives me even less to figure out any of the other answers. ",2.006,37.557,64.186,26,Saudi Arabia,$33.9 billion,"To show a comparison of military spending in different countries. ",2,Politically motivated,Don't know/Can't Say,4,Neither confident nor unconfident,"The topic is very political. Because the source was a research institute, it seems to me like it is trying to inform More than persuade. Without knowing more actual facts, I can't say if the chart is manipulative or straightforward. And it APPEARS unbiased, but again, I don't know all the facts. ",Han chang-duk.,2,Don't know/Can't say,Don't know/Can't say,2,Don't know/Can't say,Neither confident nor unconfident,"Since the chart comes from a research institute, it makes me think they are professional, but that isn't a guarantee. I don't know the chart author and all the facts surrounding the chart, so I can't say whether they are responsible or not. The chart seems down to earth, but the bullets seem cartoony. Can't say whether they are like me based on the chart. ",Walmart,AT&T,To show the hypocrisy and lack of honesty of companies that claim to be supportive of lgbtq+ rights.,4,2,2,Don't know/Can't Say,Neither confident nor unconfident,"Because of the type of information shown, the chart makes me think it is seeking to persuade with information. The topic makes me feel the chart is politically motivated; tho the imagery makes me feel like it's a joke. The imagery feels manipulative. I don't know all the actual facts, so I can't tell if it is biased or not",An lgbtq+ advocate.,3,Don't know/Can't say,Don't know/Can't say,Don't know/Can't say,3,Neither confident nor unconfident,"The information could be expert, but I don't think an expert would use that sort of imagery. The rest of the answers I can't answer confidently without more info, tho info of the chart makes me feel like the person could be down to earth, but the imagery males me feel like they are really out of touch.",Civilians,Winter 2006,To show the civilian toll taken during the Iraq war.,4,2,3,Don't know/Can't Say,Neither confident nor unconfident,"Because the chart is showing the catastrophic toll taken on civilians, I believe this chart is seeking to persuade while also informing. I believe this chart is politically motivated because of the topic being political. I cannot tell if the chart is biased or unbiased without knowing the intent of the chart creator and more information on the subject. ",An antiwar advocate,2,2,Don't know/Can't say,2,2,Neither confident nor unconfident,"Doing a comparison between the previous chart (pastel leaf filled bar chart), I see that this chart is more ""professional"", thus leading me to my answers. However, I cannot determine whether the chart  creator is honest or not because I don't know if the information is accurate or not. ",750,210,To show how poorer neighborhoods are disconnected from nature.,3,3,3,Don't know/Can't Say,Somewhat confident,"The chart shows comparisons between various neighborhoods; specifically comparing income levels in conjunction with nature. While I don't know the specific reason for the chart, past experience has been that a chart like this is used to prove a discrepancy between nature amounts in neighborhoods of different economic levels and how this discrepancy is detrimental to the well being of the neighborhood and citizens within. Because this chart has a purpose, I feel it is both straightforward and manipulative. I feel that I need more information to be able to determine if the chart is biased or not. ","An advocate for providing more nature in low income areas. ",Don't know/Can't say,Don't know/Can't say,Don't know/Can't say,Don't know/Can't say,2,Neither confident nor unconfident,"Based on the chart alone, I can't determine whether a person is expert, responsible, etc, but I would create a chart similar to the one shown above, so it seems like they could be someone like me. ",Need to be very careful,Trust somewhat,Do not trust very much,Trust somewhat,Do not trust very much,Do not trust very much,Do not trust very much,None at all,None at all,None at all,None at all,None at all,None at all,None at all,None at all,None at all,None at all,None at all,None at all,None at all,None at all,None at all,None at all,None at all,None at all,None at all,None at all,None at all,None at all,35-44 years old,Female,,White or Caucasian,Associates or technical degree,Other,Prefer not to say,5cad4750f4115800176d506e
2023-07-10 14:00:27,2023-07-10 14:12:46,IP Address,98.0.46.75,100,739,True,2023-07-10 14:12:47,R_3imWPQe3FmXTqzY,,,,,43.6017,-70.2354,anonymous,EN,I have read the above information and AGREE to participate in this study.,I have read the above information and attest that I AM eligible to participate in this study.,6044dfc230e44b5793804ba6,Magic Kingdom at Walt Disney Work (US),Nagashima Spa Land (Japan),8000000,20.98,80.204,86.228,4,capitalism,Seeking to inform,Not politically motivated,Straightforward,Unbiased,Somewhat confident,It doesn't have any indication of being politically motivated,5.351,45.011,62.142,10,there is no way to tell,Don't know/Can't say,Don't know/Can't say,Don't know/Can't say,Don't know/Can't say,Don't know/Can't say,Neither confident nor unconfident,I can't make judgments on someone's motives when I am given zero information about them besides an informational chart they created,3.489,16.662,47.295,8,Saudi Arabia,$33.9 billion,to show military spending,Seeking to inform,Not politically motivated,Straightforward,Unbiased,Somewhat confident,just looks like a chart of facts,stockholm international peace research institute,Expert,Responsible,Honest,Don't know/Can't say,Don't know/Can't say,Neither confident nor unconfident,I would trust a peace research institute,Amazon,AT&T,to show the hypocrisy of our corporate overlords,Seeking to inform,Not politically motivated,Straightforward,Unbiased,Neither confident nor unconfident,these are all terrible companies who pay lip service to pride but actually donate to horrible right wing neo fascists,don't know,Don't know/Can't say,Don't know/Can't say,Don't know/Can't say,Don't know/Can't say,Don't know/Can't say,Neither confident nor unconfident,i like the art,Civilians,Winter 2006,to chart Iraq war deaths,Seeking to inform,Not politically motivated,Straightforward,Unbiased,Neither confident nor unconfident,I'm just given a chart of what appears to be facts and statistics. I don't know who created it,a human,Don't know/Can't say,Don't know/Can't say,Don't know/Can't say,Don't know/Can't say,Don't know/Can't say,Neither confident nor unconfident,again I don't know who created this so I can't evaluate their traits,750,210,to study tree distribution in neighborhoods of various incomes,Seeking to inform,Not politically motivated,Straightforward,Unbiased,Neither confident nor unconfident,chart is believable,no idea,Don't know/Can't say,Don't know/Can't say,Don't know/Can't say,Don't know/Can't say,Don't know/Can't say,Neither confident nor unconfident,chart doesn't say who made it,Most people can be trusted,Trust somewhat,Trust somewhat,Trust somewhat,Trust somewhat,Trust somewhat,Trust somewhat,None at all,Not very much,Not very much,None at all,A great deal,None at all,None at all,Not very much,None at all,None at all,Not very much,Not very much,Quite a lot,None at all,None at all,Quite a lot,Quite a lot,Quite a lot,Not very much,Quite a lot,Not very much,Quite a lot,35-44 years old,Female,,White or Caucasian,Bachelor’s degree,Working part-time,"Less than $25,000",6044dfc230e44b5793804ba6
2023-07-10 13:05:46,2023-07-10 14:20:13,IP Address,174.26.23.133,100,4467,True,2023-07-10 14:20:14,R_81vEGMlibKs6yXv,,,,,33.5132,-112.083,anonymous,EN,I have read the above information and AGREE to participate in this study.,I have read the above information and attest that I AM eligible to participate in this study.,636198b2cfdd80506b1c97a4,Magic Kingdom at Walt Disney Work (US),Nagashima Spa Land (Japan),8.000,24.317,378.598,380.485,36,To show changes in attendance of theme parks.,2,Don't know/Can't Say,4,Don't know/Can't Say,Neither confident nor unconfident,"The chart is somewhat ambiguous without more context,

I answered ""don't know/ can't say"" as to whether I think the chart is politically motivated or not because there is no indication that it is. On the other hand, it could be.

I answered ""don't know/ can't say"" as to whether I think the chart is biased because I don't have any way of determining that. 

",16.193,375.821,427.588,59,"Not sure, I think it might have been made by someone who works for one of these companies. Maybe for a comparison of competition.",2,Don't know/Can't say,Don't know/Can't say,Don't know/Can't say,Don't know/Can't say,Neither confident nor unconfident,"I think the author is an probably expert who works for one of these companies. It's hard for me to imagine that anyone else would want to represent this type of data.

As far as questions about the author's character go, I don't see anything here that I think would indicate anything that would help me answer those questions.",15.216,519.182,520.922,42,U.S.,$33.9 billion,To show what percent of GDP each of these counties spends on Military.,Seeking to persuade,Politically motivated,Don't know/Can't Say,2,Neither confident nor unconfident,"I think this chart is probably politically motivated as it relates to topics that are usually political. In my experience, most things political are biased and usually done as an attempt to persuade. 

I don't know can't say if it is manipulative or not. It may just be an attempt to convey certain infoormation.
",The Stockholm International Peace Research Institute.,Expert,Don't know/Can't say,Don't know/Can't say,Don't know/Can't say,Unlike you,Neither confident nor unconfident,"The chart looks professionally made and has the source at the bottom so I think it was probably made by an expert.

I don't know anything about the author or the personal motivations behind making this chart so I cannot answer those other questions.",Walmart,AT&T,I think this chart was made to try and get people to not do business with certain companies that donate money to politicians that have opposing political or ideological views.,Seeking to persuade,Politically motivated,Manipulative,Biased,Neither confident nor unconfident,"This chart is definitely politically motivated and biased toward a particular Ideology. It is manipulative because it utilizes the concept of homophobia, which is used to demonize people who have beliefs about homosexuality. It is obviously seeking to persuade","Somebody who is very concerned with promoting a certain Ideology and canceling those who do not agree,",Don't know/Can't say,Don't know/Can't say,Don't know/Can't say,Don't know/Can't say,Unlike you,Neither confident nor unconfident,"The chart is obviously an attempt at a political smear. ",Civilians,Winter 2006,"Guardian, Wikileaks.",Seeking to inform,Not politically motivated,Straightforward,Don't know/Can't Say,Neither confident nor unconfident,"The chart seems like it is seeking to inform about deaths in Iraq, it seems fairly straightforward. I don't think it is politically motivated as it comes from WikiLeaks which I believe is about informing citizens about governments. I have no way to determine if it is biased or not.","Guardian, Wikileaks",Expert,Don't know/Can't say,Honest,Down to earth,Don't know/Can't say,Neither confident nor unconfident,The author of this chart is probably an expert it looks well made. The chart was made by WikiLeaks which I believe is about informing citizens about their governments so I think the author is probably honest and down to earth.,700,210,To show the average number of trees by neighborhood income.,Seeking to inform,Not politically motivated,Straightforward,Don't know/Can't Say,Neither confident nor unconfident,The chart seems like it is seeking to inform as it is pretty much straightforward. I don't think it is politically motivated as I cannot think of a political reason for making this chart. I don't have any way to determine if the chart is biased.,I have no idea there is no source on the chart.,Amateur,Don't know/Can't say,Don't know/Can't say,Don't know/Can't say,Unlike you,Neither confident nor unconfident,I think the author of this chart is probably mature as it is not very attractive and I've never seen a professional chart made like this. I don't know anything about the author of this chart so I cannot provide an opinion about their character.,Most people can be trusted,Do not trust very much,Trust somewhat,Trust somewhat,Do not trust very much,Trust somewhat,Trust somewhat,Not very much,Quite a lot,Not very much,Not very much,Not very much,Not very much,Quite a lot,Not very much,Not very much,Not very much,Not very much,Not very much,Not very much,Not very much,Not very much,Not very much,Not very much,Not very much,Not very much,Not very much,Not very much,Not very much,45-54 years old,Male,,White or Caucasian,Some high school or less,Unemployed and looking for work,"$25,000-$49,999",636198b2cfdd80506b1c97a4
2023-07-10 14:00:36,2023-07-10 14:40:13,IP Address,73.24.206.144,100,2376,True,2023-07-10 14:40:13,R_UaWv61aXjqG26bL,,,,,32.2163,-110.9241,anonymous,EN,I have read the above information and AGREE to participate in this study.,I have read the above information and attest that I AM eligible to participate in this study.,63ed83c2779506216941e264,Magic Kingdom at Walt Disney Work (US),Nagashima Spa Land (Japan),4.2,10.167,167.912,168.483,50,"To show growth or lack of attendance among theme parks.  ",Seeking to inform,Not politically motivated,Straightforward,Unbiased,Extremely confident,"The information is very straightforward and referenced.  ",3.179,138.165,138.801,16,"Someone at one of the theme parks on this list.  ",Expert,2,2,Don't know/Can't say,Don't know/Can't say,Extremely confident,"It’s a simple cut and dry chart using hard data.  I don’t know the values of the individual that prepared the chart.  ",2.079,160.614,162.277,26,Saudi Arabia,$33.9 billion,To show visually comparable spending among the nations.,4,3,2,2,Somewhat confident,"The preparer of the slide used different sized bullets to represent the amount of billions spent with the country’s flags wrapped around.  I find that to be provocative.  They could have easily chosen a simple bar graph to represent the same information.  ",Someone with an anti war/military spending bias.,3,3,3,Don't know/Can't say,2,Somewhat confident,"All countries overspend on military might.  We claim it’s to defend us and protect others around the globe.  But, at some point, there seems to be no end in sight.  ",Walmart,AT&T,"They are trying to make a point about hypocrisy.  ",Seeking to persuade,2,2,3,Somewhat confident,"Everything from the rainbows to the expressions of the bears has bias written all over it.  The interesting thing, though, is that the chart does provide some interesting information.  ","Someone in the LBGHTQA community.  ",3,3,2,2,3,Somewhat confident,"They chose the term “homophobic” which is a provocative term.  ",Civilians,Winter 2006,"To report on total casualties of the war.  ",Seeking to inform,4,Straightforward,Unbiased,Somewhat confident,"The chart appears to be straight forward.  It would have various shades of red if it wanted to be more manipulative.  ","A civilian.  ",Amateur,2,Honest,Down to earth,2,Somewhat confident,"This chart appears to be simple and to the point.  It doesn’t appear to be for military use. ",800,210,"To indicate that higher income areas have more trees.  ",Seeking to persuade,Politically motivated,2,3,Somewhat confident,"There is no indication where the author obtained their information.  ","There is no way to know.  It could be a school project as simple as it is.  ",Amateur,3,2,2,3,Extremely confident,"Since there is no authentication or reference to data. ",Most people can be trusted,Trust completely,Trust somewhat,Trust completely,Trust somewhat,Trust somewhat,Trust somewhat,Not very much,Quite a lot,A great deal,Not very much,Not very much,Quite a lot,Quite a lot,Not very much,None at all,None at all,Not very much,Quite a lot,A great deal,None at all,Not very much,Quite a lot,Quite a lot,A great deal,Not very much,Not very much,Quite a lot,Quite a lot,65+ years old,Non-binary / third gender,,White or Caucasian,"Graduate or professional degree (MA, MS, MBA, PhD, JD, MD, DDS etc.)",Retired,"$150,000 or more",63ed83c2779506216941e264
2023-07-10 14:15:49,2023-07-10 14:53:19,IP Address,71.201.61.145,100,2249,True,2023-07-10 14:53:19,R_Y9cqrTzeFUlYcQ9,,,,,40.1412,-87.6264,anonymous,EN,I have read the above information and AGREE to participate in this study.,I have read the above information and attest that I AM eligible to participate in this study.,63bb98852cdc67dece8adb8e,Magic Kingdom at Walt Disney Work (US),Nagashima Spa Land (Japan),8000000,56.68,149.556,154.073,4,To show how many people attend different parks and the change over time.,2,Not politically motivated,Straightforward,Unbiased,Somewhat confident,The data seems fairly straightforward and not really manipulative in any real way.,13.653,179.354,179.602,8,TEA/AECOM Global Attractions Attendance Report,Expert,2,Honest,Don't know/Can't say,Don't know/Can't say,Somewhat confident,"I know nothing about them really so I have no idea what they are like, I would have to assume that the org is not misrepresenting their numbers and they sound like an expert group at least.",4.226,177.118,177.557,13,Saudi Arabia,$33.9 billion,To show how much the top 10 countries spend on their military.,4,Politically motivated,3,3,Somewhat confident,"At first I thought it was saying look how much more the USA spends compared to the other countries, but seeing that it comes from a peace research institute I think the idea is more that the world is spending far too much money on the military as a whole.","Stockholm International Peace Research Institute ",Don't know/Can't say,2,Honest,2,Like you,Neither confident nor unconfident,Well I've never heard of this institute before so I can't really say if any of this information is correct or unbiased. I will say that I agree that the world spends far too much on military and those resources would be be better spent on aid.,Amazon,AT&T,"To show that companies often talk out of both sides of their mouths, rainbow washing capitalism. ",Seeking to persuade,2,Straightforward,4,Somewhat confident,I know that in general companies will talk big about all the good they do for LGBTQ+ people but then turn around and stab them in the back.,An LGBTQ+ advocacy group,2,Responsible,Honest,2,Like you,Somewhat confident,As I said companies like to talk big but will give money to anti-LGBTQ+ politicians who will use that to get elected and pass legislation that will harm this minority group.,Civilians,Winter 2006,To provide data on the total deaths in the Iraq War,3,2,4,4,Somewhat confident,The data given the source I would say is fairly accurate,"Guardian, Wikileaks ",2,2,2,Don't know/Can't say,Don't know/Can't say,Neither confident nor unconfident,"I assume the chart was released to show what the actual causalities of the war were at the time, and they were using it to persuade the public demand an end to the war. I'm against war in general but I don't know where the Guardian/Wikileaks stand on those issues.",750,210,To show that the density of trees generally goes up with income.,3,2,4,Don't know/Can't Say,Somewhat unconfident,There is no source on this so I've no idea if the data is real or just something someone made up.,"I've no idea, there is no source given.",Don't know/Can't say,Don't know/Can't say,Don't know/Can't say,Don't know/Can't say,Don't know/Can't say,Neither confident nor unconfident,I have no real information to go on here as there is no author listed and the data could be false for all I know.,Need to be very careful,Trust completely,Trust somewhat,Trust somewhat,Trust somewhat,Trust somewhat,Trust somewhat,Not very much,None at all,Not very much,Not very much,Quite a lot,None at all,Not very much,Not very much,Not very much,Not very much,Not very much,Not very much,Not very much,None at all,Not very much,Not very much,Quite a lot,Not very much,None at all,Not very much,Not very much,Not very much,35-44 years old,Female,,White or Caucasian,"Some college, but no degree",Working part-time,"Less than $25,000",63bb98852cdc67dece8adb8e
2023-07-10 13:01:42,2023-07-10 13:03:41,IP Address,174.192.69.127,13,119,False,2023-07-17 13:03:48,R_10PdbL6ixqKEpbm,,,,,,,anonymous,EN,I have read the above information and AGREE to participate in this study.,I have read the above information and attest that I AM eligible to participate in this study.,61118b5fd788969295997051,,,,,,,,,,,,,,,,,,,,,,,,,,,,,,,Saudi Arabia,$33.9 billion,To compare the amount of spending on military between nations,Seeking to inform,Politically motivated,4,Biased,Somewhat confident,The source informed how I interpreted the motivation of the chart,,,,,,,,,,,,,,,,,,,,,,,,,,,,,,,,,,,,,,,,,,,,,,,,,,,,,,,,,,,,,,,,,,,,,,,,,,,,,,,,,,,,,,,,,,,,,,,,61118b5fd788969295997051
2023-07-10 12:58:13,2023-07-10 13:05:49,IP Address,172.58.128.169,13,456,False,2023-07-17 13:05:50,R_9mKJMXkXEmW5eRX,,,,,,,anonymous,EN,I have read the above information and AGREE to participate in this study.,I have read the above information and attest that I AM eligible to participate in this study.,60efa61197aebbe30deefff5,,,,,,,,,,,,,,,,,,,,,,,,,,,,,,,,,,,,,,,,,,,,,,,,,,,,,,,,,,,,,,,,,Civilians,Spring 2009,To compare each year,Seeking to inform,Don't know/Can't Say,Straightforward,Don't know/Can't Say,Neither confident nor unconfident,It's not giving much insight,,,,,,,,,,,,,,,,,,,,,,,,,,,,,,,,,,,,,,,,,,,,,,,,,,,,,,,,,,,,,,60efa61197aebbe30deefff5
2023-07-10 12:57:15,2023-07-10 13:11:09,IP Address,98.210.79.134,23,834,False,2023-07-17 13:11:16,R_6XyTuULOeXuP4oV,,,,,,,anonymous,EN,I have read the above information and AGREE to participate in this study.,I have read the above information and attest that I AM eligible to participate in this study.,608a3af1093571af0fb3bc58,,,,,,,,,,,,,,,,,,,,,,,,,,,,,,,Saudi Arabia,$33.9 billion,"To highlight the amount of money that the United States spends on military compared to other countries that spend a lot of money on their militaries, including China and Russia. ",4,2,2,2,Somewhat confident,"I think that this chart is politically motivated because it highlights the raw dollars spent rather than the percentage of the GDP. For example, by looking at this chart (raw dollars), the United States looks like they spend disproportionately to all other countries. However, the rank order and the size of the missiles would look differently if the chart was based on GDP rather than raw dollars. I think that it is designed to show that the US spends a lot of money on the military.",An analyst named Han Chang-duk,2,2,2,2,2,Somewhat confident,"The chart would take me (also an analyst) a decent amount of time to create the graphic. Therefore, I thought that this person was someone skilled at making graphics and also made conscious choices about what parts to highlight (e.g. raw dollars spent by country rather than percentage of GDP spent by country). ",,,,,,,,,,,,,,,,,,,,,,,,,,,,,,,,,,,750,275,,,,,,,,,,,,,,,,,,,,,,,,,,,,,,,,,,,,,,,,,,,,,,,,,,,,608a3af1093571af0fb3bc58
