"","PID","Distribution","Assigned.Block","ID.Qualtrics","ID.Prolific","ID.Study","ID.Session","EndState","StartDate","Source","Progress","Finished","TerminateFlag","Prolific.Name","Qualtrics.Survey","Qualtrics.URL","Description","Sample","Study","duration.sec","duration.min","BROWSER_Browser","BROWSER_OS","D_gender_collapsed","D_gender","D_gender_4_TEXT","D_race","D_education_collapsed","D_education","D_employmentStatus","D_income","D_work_detail","D_zipcode","D_age","D_politicalParty","D_politicalParty_OTHER","D_politicsSocial","D_politicsFiscal","SCREEN_workMethod","SCREEN_workFunction","SCREEN_workFunction_TEXT","SCREEN_socialMedia","SCREEN_socialMedia_TEXT","PURPOSE","FEEDBACK","PLATFORM","STIMULUS","BLOCK","STIMULUS_CATEGORY","ENCOUNTER","ID","ID-CONF","AGE","AGE-CONF","GENDER","GENDER-CONF","DESIGN","DATA","POLITICS","TRUST","ALIGN","BEAUTY","INTENT","EXPLAIN","LATENCY","ENCOUNTER-P","ID-P","ID-CONF-P","AGE-P","AGE-CONF-P","GENDER-P","GENDER-CONF-P","DESIGN-P","DATA-P","POLITICS-P","TRUST-P","ALIGN-P","BEAUTY-P","INTENT-P","EXPLAIN-P","LATENCY-P","loop-number"
"1","R_7vxZsjlNPufyJix","PROLIFIC","1","R_7vxZsjlNPufyJix","56b89c3be1d0a2000514f597","67c8a59172f0b48d4c66297d","67c8aa781348c9a15aaee7dc","COMPLETE","2025-03-05 12:50:46","IP Address",100,TRUE,,"MAG_S4_PROLIFIC_GENERAL_B1","MAG_S2_PROLIFIC_GENERAL_1_STUDY4_PREPOST","https://mit.co1.qualtrics.com/jfe/form/SV_5A9sxhbPrtLwG58","Prolific-study4","GENERAL","Study4",2067,34.45,"Chrome","Windows NT 10.0","other","Non-binary / third gender",,"White or Caucasian","ugrad","undergradudate degree","Other","Prefer not to say","Prefer not to say","28081","25-34","Independent",,0,0,"more-75","IT,other","prefer not to say","Facebook,Twitter,Instagram,Reddit,LinkedIn",,"To see how people react to various graphs and who they think it's from.","I do think there should be instruction for if you believe a team of varying individuals worked on it","Twitter/X","B0-0","B0","F","engage","education",98,"millennial",87,"Other",8,88,21,50,50,56,23,15,"It seems to be about plants and perhaps the rate of plants. I think the background is hideous with the plant pictures so a professional might not have made it. I think this is exactly what a professor trying to show data in a fun way would make. The age and genders are only guess based on vibes.",3.62,"engage","education",100,"millennial",6,"Other",3,100,7,27,60,75,11,5,"This post is highlighting how income inequality can effect things like number of trees in a neighborhood. Trees can process air pollution but greenery also has been proven to improve mood and the more trees, the more likely the neighborhood is walkable in some way. Leftist are most concerned with income inequality. Young people tend to be leftist but it's got more of a millennial vibe than Gen Z.",3.24,
"2","R_7vxZsjlNPufyJix","PROLIFIC","1","R_7vxZsjlNPufyJix","56b89c3be1d0a2000514f597","67c8a59172f0b48d4c66297d","67c8aa781348c9a15aaee7dc","COMPLETE","2025-03-05 12:50:46","IP Address",100,TRUE,,"MAG_S4_PROLIFIC_GENERAL_B1","MAG_S2_PROLIFIC_GENERAL_1_STUDY4_PREPOST","https://mit.co1.qualtrics.com/jfe/form/SV_5A9sxhbPrtLwG58","Prolific-study4","GENERAL","Study4",2067,34.45,"Chrome","Windows NT 10.0","other","Non-binary / third gender",,"White or Caucasian","ugrad","undergradudate degree","Other","Prefer not to say","Prefer not to say","28081","25-34","Independent",,0,0,"more-75","IT,other","prefer not to say","Facebook,Twitter,Instagram,Reddit,LinkedIn",,"To see how people react to various graphs and who they think it's from.","I do think there should be instruction for if you believe a team of varying individuals worked on it","Twitter/X","B1-1","B1","A","scroll","news",1,"gen-x",1,"Male",0,98,22,56,50,50,0,3,"This is ugly and hard to parse. I wonder if the person who made it purposefully wanted it to be a little confusing to read. I also just find it uninteresting. I think an older person would enjoy the more subdued color scheme and a male might choose red to black.",1.77,"scroll","individual",8,"gen-x",45,"Male",32,100,40,52,50,50,0,0,"I became more confident it was an older person but less sure of the source. This could be interesting but it's ugly, hard to read, and bland. I also think this data needs a lot more context. It could be part of a larger set of graphs in a thread which might be more interesting to look at. I still think a male would be more likely to make the graphic so bland.",3.41,"1"
"3","R_7vxZsjlNPufyJix","PROLIFIC","1","R_7vxZsjlNPufyJix","56b89c3be1d0a2000514f597","67c8a59172f0b48d4c66297d","67c8aa781348c9a15aaee7dc","COMPLETE","2025-03-05 12:50:46","IP Address",100,TRUE,,"MAG_S4_PROLIFIC_GENERAL_B1","MAG_S2_PROLIFIC_GENERAL_1_STUDY4_PREPOST","https://mit.co1.qualtrics.com/jfe/form/SV_5A9sxhbPrtLwG58","Prolific-study4","GENERAL","Study4",2067,34.45,"Chrome","Windows NT 10.0","other","Non-binary / third gender",,"White or Caucasian","ugrad","undergradudate degree","Other","Prefer not to say","Prefer not to say","28081","25-34","Independent",,0,0,"more-75","IT,other","prefer not to say","Facebook,Twitter,Instagram,Reddit,LinkedIn",,"To see how people react to various graphs and who they think it's from.","I do think there should be instruction for if you believe a team of varying individuals worked on it","Twitter/X","B1-2","B1","B","scroll","news",27,"gen-x",11,"Male",0,3,2,50,82,50,74,6,"This looks like a BOG standard approval rating chart. I assume it's made by a team who handles poll results that include both a data scientist and a graphic design expert. The gender and ages of these people probably are not the same. I've seen many that look like it before.",2.18,"scroll","news",19,"gen-x",9,"Male",0,0,0,50,84,50,83,0,"It's essentially what I thought, a standard survey results comparison chart produced by a team that regularly makes them. I think my answers are mostly consistent here but I'm still not sure how to deal with like potential gender and age when I think many people worked on it.",2.96,"4"
"4","R_7vxZsjlNPufyJix","PROLIFIC","1","R_7vxZsjlNPufyJix","56b89c3be1d0a2000514f597","67c8a59172f0b48d4c66297d","67c8aa781348c9a15aaee7dc","COMPLETE","2025-03-05 12:50:46","IP Address",100,TRUE,,"MAG_S4_PROLIFIC_GENERAL_B1","MAG_S2_PROLIFIC_GENERAL_1_STUDY4_PREPOST","https://mit.co1.qualtrics.com/jfe/form/SV_5A9sxhbPrtLwG58","Prolific-study4","GENERAL","Study4",2067,34.45,"Chrome","Windows NT 10.0","other","Non-binary / third gender",,"White or Caucasian","ugrad","undergradudate degree","Other","Prefer not to say","Prefer not to say","28081","25-34","Independent",,0,0,"more-75","IT,other","prefer not to say","Facebook,Twitter,Instagram,Reddit,LinkedIn",,"To see how people react to various graphs and who they think it's from.","I do think there should be instruction for if you believe a team of varying individuals worked on it","Twitter/X","B1-3","B1","C","scroll","organization",49,"boomer",5,"Male",100,100,100,89,0,0,0,100,"I genuinely believe this is made by AI to incite anger of the America First crowd against someone or something. The flag and the weird fan out with the terrible colors. This screams AI slop intended for boomers and possibly made by a boomer but also possibly made by a young Gen Z right wing grifter. It may be from a site that calls itself news but isn't.",1.9,"scroll","organization",9,"boomer",4,"Male",100,100,100,93,0,0,0,100,"I still don't think this was made by someone on the left. It's mostly likely generated to bother people on the right so they're outraged at Trump being accused of corruption. He's guilty of corruption in a court of law but I don't think the person who made this believes that. It's just bad.",2.24,"3"
"5","R_7vxZsjlNPufyJix","PROLIFIC","1","R_7vxZsjlNPufyJix","56b89c3be1d0a2000514f597","67c8a59172f0b48d4c66297d","67c8aa781348c9a15aaee7dc","COMPLETE","2025-03-05 12:50:46","IP Address",100,TRUE,,"MAG_S4_PROLIFIC_GENERAL_B1","MAG_S2_PROLIFIC_GENERAL_1_STUDY4_PREPOST","https://mit.co1.qualtrics.com/jfe/form/SV_5A9sxhbPrtLwG58","Prolific-study4","GENERAL","Study4",2067,34.45,"Chrome","Windows NT 10.0","other","Non-binary / third gender",,"White or Caucasian","ugrad","undergradudate degree","Other","Prefer not to say","Prefer not to say","28081","25-34","Independent",,0,0,"more-75","IT,other","prefer not to say","Facebook,Twitter,Instagram,Reddit,LinkedIn",,"To see how people react to various graphs and who they think it's from.","I do think there should be instruction for if you believe a team of varying individuals worked on it","Twitter/X","B1-4","B1","D","scroll","political",83,"boomer",84,"Male",58,100,85,67,21,9,0,82,"This is ugly. Woof. I also think using the gun symbol is something a boomer is most likely to think is clever and interesting. The arrows up and down make me think the goal is to persuade. And I don't trust it because something about 2012 being on top makes me think they want me to believe something is going up when in reality it's going down. Crime statistics often are shown this way on traditional cable news networks.",2.47,"scroll","political",100,"boomer",93,"Male",94,100,100,83,3,1,0,100,"It says the source is NYPD. I don't trust them as they have repeatedly lied to the public and try to manipulate them. I am more certain of most of my choices.",2.02,"2"
"6","R_79gTK9yfsRmhfeV","PROLIFIC","1","R_79gTK9yfsRmhfeV","56fab287997828000a8078b9","67c8a59172f0b48d4c66297d","67c8ab740a570b1d4ec0d4ee","COMPLETE","2025-03-05 12:52:50","IP Address",100,TRUE,,"MAG_S4_PROLIFIC_GENERAL_B1","MAG_S2_PROLIFIC_GENERAL_1_STUDY4_PREPOST","https://mit.co1.qualtrics.com/jfe/form/SV_5A9sxhbPrtLwG58","Prolific-study4","GENERAL","Study4",3151,52.52,"Chrome","Windows NT 10.0","female","Female",,"White or Caucasian,American Indian/Native American or Alaska Native","ugrad","associates or technical degree","Retired","Less than $25,000","Retired","32566","55-64","Republican",,95,100,"less-25","other","Retired","Facebook,Youtube,Reddit,LinkedIn,TikTok",,"To see if I have pre-conceived notions of stuff? I honestly do not know.","none","Facebook","B0-0","B0","F","scroll","news",75,"gen-x",75,"Female",75,90,70,41,51,49,17,65,"I feel that this graphic is an ugly combination of colors, a unequal combination of shapes and something used to try to show more of one than the other. Not to inform, but to influence. This is what I get from the graphic, without the filled in info on what it's about.",4.26,"scroll","education",75,"gen-z",60,"Female",75,90,75,35,51,49,14,65,"Now it looks like a high school kid did this for their assignment in a class. My impression didn't change much from the ugly I saw to begin with.",3.88,
"7","R_79gTK9yfsRmhfeV","PROLIFIC","1","R_79gTK9yfsRmhfeV","56fab287997828000a8078b9","67c8a59172f0b48d4c66297d","67c8ab740a570b1d4ec0d4ee","COMPLETE","2025-03-05 12:52:50","IP Address",100,TRUE,,"MAG_S4_PROLIFIC_GENERAL_B1","MAG_S2_PROLIFIC_GENERAL_1_STUDY4_PREPOST","https://mit.co1.qualtrics.com/jfe/form/SV_5A9sxhbPrtLwG58","Prolific-study4","GENERAL","Study4",3151,52.52,"Chrome","Windows NT 10.0","female","Female",,"White or Caucasian,American Indian/Native American or Alaska Native","ugrad","associates or technical degree","Retired","Less than $25,000","Retired","32566","55-64","Republican",,95,100,"less-25","other","Retired","Facebook,Youtube,Reddit,LinkedIn,TikTok",,"To see if I have pre-conceived notions of stuff? I honestly do not know.","none","Facebook","B1-1","B1","A","scroll","political",75,"millennial",75,"Female",51,51,51,48,49,47,28,34,"It looks like a graphic of temperatures over time as related by a climate change enthusiast. I couldn't know what it truly is but, the colors are off-putting and the categories numerous.",2.15,"scroll","organization",97,"millennial",75,"Female",75,50,55,48,50,47,17,16,"I'd still scroll because I am not interested in the correlation of spices in the recipes on any food website. It still seems glaring in re the colors and just wouldn't have any interest for me.",3.69,"1"
"8","R_79gTK9yfsRmhfeV","PROLIFIC","1","R_79gTK9yfsRmhfeV","56fab287997828000a8078b9","67c8a59172f0b48d4c66297d","67c8ab740a570b1d4ec0d4ee","COMPLETE","2025-03-05 12:52:50","IP Address",100,TRUE,,"MAG_S4_PROLIFIC_GENERAL_B1","MAG_S2_PROLIFIC_GENERAL_1_STUDY4_PREPOST","https://mit.co1.qualtrics.com/jfe/form/SV_5A9sxhbPrtLwG58","Prolific-study4","GENERAL","Study4",3151,52.52,"Chrome","Windows NT 10.0","female","Female",,"White or Caucasian,American Indian/Native American or Alaska Native","ugrad","associates or technical degree","Retired","Less than $25,000","Retired","32566","55-64","Republican",,95,100,"less-25","other","Retired","Facebook,Youtube,Reddit,LinkedIn,TikTok",,"To see if I have pre-conceived notions of stuff? I honestly do not know.","none","Facebook","B1-2","B1","B","engage","education",55,"gen-x",80,"Male",85,30,35,50,50,50,77,25,"Whatever it is about, I like crisp and clean lines and the colors used. I suppose then I would also read the copy to know what the graph was about. I see it as a professional work, unless someone had a good computer program.",2.53,"engage","news",92,"millennial",80,"Male",85,55,70,35,50,20,80,95,"I do think that this image was meant to make people think that alternative energy is the way the majority wants to go. However, I believe it to be false. Perhaps in a small sample, a limited poll of those incorrectly educated over the last 20 years, to believe all the hogwash about resources, greenwashing, etc. This is most likely to drum up tentative support because they saw a rigged poll charting a small number of responses. Still, a clean presentation with nice colors!",6.03,"2"
"9","R_79gTK9yfsRmhfeV","PROLIFIC","1","R_79gTK9yfsRmhfeV","56fab287997828000a8078b9","67c8a59172f0b48d4c66297d","67c8ab740a570b1d4ec0d4ee","COMPLETE","2025-03-05 12:52:50","IP Address",100,TRUE,,"MAG_S4_PROLIFIC_GENERAL_B1","MAG_S2_PROLIFIC_GENERAL_1_STUDY4_PREPOST","https://mit.co1.qualtrics.com/jfe/form/SV_5A9sxhbPrtLwG58","Prolific-study4","GENERAL","Study4",3151,52.52,"Chrome","Windows NT 10.0","female","Female",,"White or Caucasian,American Indian/Native American or Alaska Native","ugrad","associates or technical degree","Retired","Less than $25,000","Retired","32566","55-64","Republican",,95,100,"less-25","other","Retired","Facebook,Youtube,Reddit,LinkedIn,TikTok",,"To see if I have pre-conceived notions of stuff? I honestly do not know.","none","Facebook","B1-3","B1","C","scroll","individual",51,"gen-z",57,"Male",67,51,51,34,48,18,0,59,"The background of the American flag appears to have a lava flow of information slowly covering it. I do not like the colors (or lack thereof) and can't understand why someone would present something in this manner.",2.48,"scroll","individual",51,"gen-z",57,"Male",65,51,51,49,51,32,0,51,"I honestly couldn't tell you what this graphic means, still! I am beginning to get sick just looking at it, that's weird. The text didn't explain what the pic shows, unless it's something going up. If it is about Trump's first year of his first term, someone would have to explain it to me.",4.79,"4"
"10","R_79gTK9yfsRmhfeV","PROLIFIC","1","R_79gTK9yfsRmhfeV","56fab287997828000a8078b9","67c8a59172f0b48d4c66297d","67c8ab740a570b1d4ec0d4ee","COMPLETE","2025-03-05 12:52:50","IP Address",100,TRUE,,"MAG_S4_PROLIFIC_GENERAL_B1","MAG_S2_PROLIFIC_GENERAL_1_STUDY4_PREPOST","https://mit.co1.qualtrics.com/jfe/form/SV_5A9sxhbPrtLwG58","Prolific-study4","GENERAL","Study4",3151,52.52,"Chrome","Windows NT 10.0","female","Female",,"White or Caucasian,American Indian/Native American or Alaska Native","ugrad","associates or technical degree","Retired","Less than $25,000","Retired","32566","55-64","Republican",,95,100,"less-25","other","Retired","Facebook,Youtube,Reddit,LinkedIn,TikTok",,"To see if I have pre-conceived notions of stuff? I honestly do not know.","none","Facebook","B1-4","B1","D","engage","political",75,"millennial",70,"Female",51,50,47,51,51,51,40,47,"I cannot tell if those little icons are dolphins or firearms. But as they are paired with human icons, I'll say they're guns. I can't imagine what the text might say but I feel like the graphic is cluttered and busy. I guess it shows that something went up and then went down more? It is confusing.",3.7,"engage","news",95,"millennial",67,"Male",73,48,48,54,51,51,10,18,"It's still confusing to me. Even with the text, the graphic is too cluttered and leaves one feeling ""off"". I don't know much of any change but I do believe that the quoted source shows the proper journalistic quality. If it's an older person who made this, they need to go ahead and retire, imho.",5.26,"3"
"11","R_1I0iHRdAtslLyCK","PROLIFIC","1","R_1I0iHRdAtslLyCK","6599760dff590951e558d1fc","67c8a59172f0b48d4c66297d","67c8d641af1f845ecbb5adc6","COMPLETE","2025-03-05 15:55:12","IP Address",100,TRUE,,"MAG_S4_PROLIFIC_GENERAL_B1","MAG_S2_PROLIFIC_GENERAL_1_STUDY4_PREPOST","https://mit.co1.qualtrics.com/jfe/form/SV_5A9sxhbPrtLwG58","Prolific-study4","GENERAL","Study4",1063,17.72,"Chrome","Android 10","female","Female",,"White or Caucasian","hs_or_less","high school diploma or GED ","Working full-time","Less than $25,000","Receptionist","46219","25-34","Independent",,77,69,"more-75","Sales-Business-Development",,"Facebook,Twitter,Youtube,Instagram,Reddit,LinkedIn,Pinterest,Snapchat,TikTok",,"To see if it's something I'm willing to keep reading about just by looking at the graph it really breaks it down to see if it's really worth putting out there or not","I wish there was a option to press female and male not just either or","Facebook","B0-0","B0","F","engage","education",76,"gen-z",77,"Female",69,83,77,65,90,80,78,77,"I don't know it feels fresh and young and also it feels very feminine as well. It's a new style of educational purposes I feel like that they're trying to show a graph of some sort to understand the statistics of something.",0.77,"engage","education",100,"millennial",66,"Female",86,83,80,84,73,86,92,83,"It did not change because when it comes out to breaking a graph down for statistically it's usually for educational purposes",0.98,
"12","R_1I0iHRdAtslLyCK","PROLIFIC","1","R_1I0iHRdAtslLyCK","6599760dff590951e558d1fc","67c8a59172f0b48d4c66297d","67c8d641af1f845ecbb5adc6","COMPLETE","2025-03-05 15:55:12","IP Address",100,TRUE,,"MAG_S4_PROLIFIC_GENERAL_B1","MAG_S2_PROLIFIC_GENERAL_1_STUDY4_PREPOST","https://mit.co1.qualtrics.com/jfe/form/SV_5A9sxhbPrtLwG58","Prolific-study4","GENERAL","Study4",1063,17.72,"Chrome","Android 10","female","Female",,"White or Caucasian","hs_or_less","high school diploma or GED ","Working full-time","Less than $25,000","Receptionist","46219","25-34","Independent",,77,69,"more-75","Sales-Business-Development",,"Facebook,Twitter,Youtube,Instagram,Reddit,LinkedIn,Pinterest,Snapchat,TikTok",,"To see if it's something I'm willing to keep reading about just by looking at the graph it really breaks it down to see if it's really worth putting out there or not","I wish there was a option to press female and male not just either or","Facebook","B1-1","B1","A","scroll","political",18,"gen-x",66,"Other",26,19,19,12,17,11,19,20,"It's very confusing I can't figure this one out very well I like the colors but it's still hard to guess what this graph is for",0.39,"engage","education",72,"gen-x",100,"Female",100,34,26,22,76,100,90,100,"This is a really cool graph to really break down the metric of spices so it's really cool to see it this way",1.84,"2"
"13","R_1I0iHRdAtslLyCK","PROLIFIC","1","R_1I0iHRdAtslLyCK","6599760dff590951e558d1fc","67c8a59172f0b48d4c66297d","67c8d641af1f845ecbb5adc6","COMPLETE","2025-03-05 15:55:12","IP Address",100,TRUE,,"MAG_S4_PROLIFIC_GENERAL_B1","MAG_S2_PROLIFIC_GENERAL_1_STUDY4_PREPOST","https://mit.co1.qualtrics.com/jfe/form/SV_5A9sxhbPrtLwG58","Prolific-study4","GENERAL","Study4",1063,17.72,"Chrome","Android 10","female","Female",,"White or Caucasian","hs_or_less","high school diploma or GED ","Working full-time","Less than $25,000","Receptionist","46219","25-34","Independent",,77,69,"more-75","Sales-Business-Development",,"Facebook,Twitter,Youtube,Instagram,Reddit,LinkedIn,Pinterest,Snapchat,TikTok",,"To see if it's something I'm willing to keep reading about just by looking at the graph it really breaks it down to see if it's really worth putting out there or not","I wish there was a option to press female and male not just either or","Facebook","B1-2","B1","B","scroll","organization",21,"gen-x",20,"Other",15,61,57,68,61,61,63,64,"I don't know what's going on with this graph at all",0.35,"scroll","education",100,"gen-z",100,"Other",100,12,11,74,90,100,96,99,"I said it was for educational purposes I see that is breaking down things involving nature so that's more on the science educational area and also usually study this type of subject during high School",1.19,"4"
"14","R_1I0iHRdAtslLyCK","PROLIFIC","1","R_1I0iHRdAtslLyCK","6599760dff590951e558d1fc","67c8a59172f0b48d4c66297d","67c8d641af1f845ecbb5adc6","COMPLETE","2025-03-05 15:55:12","IP Address",100,TRUE,,"MAG_S4_PROLIFIC_GENERAL_B1","MAG_S2_PROLIFIC_GENERAL_1_STUDY4_PREPOST","https://mit.co1.qualtrics.com/jfe/form/SV_5A9sxhbPrtLwG58","Prolific-study4","GENERAL","Study4",1063,17.72,"Chrome","Android 10","female","Female",,"White or Caucasian","hs_or_less","high school diploma or GED ","Working full-time","Less than $25,000","Receptionist","46219","25-34","Independent",,77,69,"more-75","Sales-Business-Development",,"Facebook,Twitter,Youtube,Instagram,Reddit,LinkedIn,Pinterest,Snapchat,TikTok",,"To see if it's something I'm willing to keep reading about just by looking at the graph it really breaks it down to see if it's really worth putting out there or not","I wish there was a option to press female and male not just either or","Facebook","B1-3","B1","C","scroll","political",100,"gen-x",79,"Male",79,64,53,100,78,91,86,84,"I think this is a government based graph probably to show something with the government capital I see American flag in the back so that's my best guess",0.68,"scroll","political",100,"gen-x",100,"Male",100,15,12,16,20,84,74,91,"This one exactly what I think it was when I was reading it and I predicted correct",2.72,"3"
"15","R_1I0iHRdAtslLyCK","PROLIFIC","1","R_1I0iHRdAtslLyCK","6599760dff590951e558d1fc","67c8a59172f0b48d4c66297d","67c8d641af1f845ecbb5adc6","COMPLETE","2025-03-05 15:55:12","IP Address",100,TRUE,,"MAG_S4_PROLIFIC_GENERAL_B1","MAG_S2_PROLIFIC_GENERAL_1_STUDY4_PREPOST","https://mit.co1.qualtrics.com/jfe/form/SV_5A9sxhbPrtLwG58","Prolific-study4","GENERAL","Study4",1063,17.72,"Chrome","Android 10","female","Female",,"White or Caucasian","hs_or_less","high school diploma or GED ","Working full-time","Less than $25,000","Receptionist","46219","25-34","Independent",,77,69,"more-75","Sales-Business-Development",,"Facebook,Twitter,Youtube,Instagram,Reddit,LinkedIn,Pinterest,Snapchat,TikTok",,"To see if it's something I'm willing to keep reading about just by looking at the graph it really breaks it down to see if it's really worth putting out there or not","I wish there was a option to press female and male not just either or","Facebook","B1-4","B1","D","engage","news",99,"gen-x",79,"Male",69,22,11,19,90,86,19,93,"I feel like it's trying to explain something as in good violence of each year or something like that I'm not sure but I think it's mainly used for the news type style reporting",0.54,"engage","news",100,"millennial",79,"Male",68,8,6,23,90,90,21,100,"That's exactly I predicted the beginning it's typically made used for new stations",1.47,"1"
"16","R_38fhVE1dC3HsMKZ","PROLIFIC","1","R_38fhVE1dC3HsMKZ","571178ec3d47e80011635b88","67c8a59172f0b48d4c66297d","67c8d4e118c7bb4a1837c45a","COMPLETE","2025-03-05 15:49:16","IP Address",100,TRUE,,"MAG_S4_PROLIFIC_GENERAL_B1","MAG_S2_PROLIFIC_GENERAL_1_STUDY4_PREPOST","https://mit.co1.qualtrics.com/jfe/form/SV_5A9sxhbPrtLwG58","Prolific-study4","GENERAL","Study4",1831,30.52,"Chrome","Windows NT 10.0","male","Male",,"White or Caucasian","hs_or_less","high school diploma or GED ","Working full-time","$75,000-$99,999","Office Manager","97224","55-64","Democrat",,8,8,"btwn-50-75","Account-Management,Administration-PersonalAssistant,Human-Resources",,"Twitter,Reddit,LinkedIn",,"Not really sure.","It was confusing as you have to scroll down just perfectly otherwise you might miss a question.","Twitter/X","B0-0","B0","F","engage","individual",11,"millennial",7,"Male",22,68,67,16,64,68,12,9,"The graph is showing some sort of plant images that I don't understand. Obviously the trend is upward but the pink color and the green is really ugly.",1.78,"engage","education",62,"millennial",74,"Female",54,55,55,12,90,90,28,0,"It makes more sense now that I know it's trees. Still think the color combo is ugly and could look a lot better.",2.11,
"17","R_38fhVE1dC3HsMKZ","PROLIFIC","1","R_38fhVE1dC3HsMKZ","571178ec3d47e80011635b88","67c8a59172f0b48d4c66297d","67c8d4e118c7bb4a1837c45a","COMPLETE","2025-03-05 15:49:16","IP Address",100,TRUE,,"MAG_S4_PROLIFIC_GENERAL_B1","MAG_S2_PROLIFIC_GENERAL_1_STUDY4_PREPOST","https://mit.co1.qualtrics.com/jfe/form/SV_5A9sxhbPrtLwG58","Prolific-study4","GENERAL","Study4",1831,30.52,"Chrome","Windows NT 10.0","male","Male",,"White or Caucasian","hs_or_less","high school diploma or GED ","Working full-time","$75,000-$99,999","Office Manager","97224","55-64","Democrat",,8,8,"btwn-50-75","Account-Management,Administration-PersonalAssistant,Human-Resources",,"Twitter,Reddit,LinkedIn",,"Not really sure.","It was confusing as you have to scroll down just perfectly otherwise you might miss a question.","Twitter/X","B1-1","B1","A","scroll","business",27,"gen-x",64,"Male",75,33,33,68,56,50,14,19,"Ugly, too many colors, shows an obvious downward trend. Have no idea what it could possible be. Looks like a potential overload of information.",1.17,"scroll","organization",58,"gen-x",53,"Male",50,16,14,50,54,50,0,0,"This is very hard to digest this info and is not worth the effort. Way to complicated and I wouldn't spend any time looking at it. Not sure what group would put this out and I'm sure it's of value to someone.",2.48,"2"
"18","R_38fhVE1dC3HsMKZ","PROLIFIC","1","R_38fhVE1dC3HsMKZ","571178ec3d47e80011635b88","67c8a59172f0b48d4c66297d","67c8d4e118c7bb4a1837c45a","COMPLETE","2025-03-05 15:49:16","IP Address",100,TRUE,,"MAG_S4_PROLIFIC_GENERAL_B1","MAG_S2_PROLIFIC_GENERAL_1_STUDY4_PREPOST","https://mit.co1.qualtrics.com/jfe/form/SV_5A9sxhbPrtLwG58","Prolific-study4","GENERAL","Study4",1831,30.52,"Chrome","Windows NT 10.0","male","Male",,"White or Caucasian","hs_or_less","high school diploma or GED ","Working full-time","$75,000-$99,999","Office Manager","97224","55-64","Democrat",,8,8,"btwn-50-75","Account-Management,Administration-PersonalAssistant,Human-Resources",,"Twitter,Reddit,LinkedIn",,"Not really sure.","It was confusing as you have to scroll down just perfectly otherwise you might miss a question.","Twitter/X","B1-2","B1","B","scroll","business",70,"gen-x",70,"Male",72,66,49,66,66,50,34,18,"Very basic bland graph that could be about anything. Wouldn't be too hard for anyone to make it as it's very simple and made for quick understanding.",1.5,"scroll","education",74,"gen-x",82,"Male",60,51,48,11,82,79,12,59,"Graph is a little confusing to look at but does inform. I think it is more likely to persuade how people think about alternative energy by showing a upward trend.",2.31,"1"
"19","R_38fhVE1dC3HsMKZ","PROLIFIC","1","R_38fhVE1dC3HsMKZ","571178ec3d47e80011635b88","67c8a59172f0b48d4c66297d","67c8d4e118c7bb4a1837c45a","COMPLETE","2025-03-05 15:49:16","IP Address",100,TRUE,,"MAG_S4_PROLIFIC_GENERAL_B1","MAG_S2_PROLIFIC_GENERAL_1_STUDY4_PREPOST","https://mit.co1.qualtrics.com/jfe/form/SV_5A9sxhbPrtLwG58","Prolific-study4","GENERAL","Study4",1831,30.52,"Chrome","Windows NT 10.0","male","Male",,"White or Caucasian","hs_or_less","high school diploma or GED ","Working full-time","$75,000-$99,999","Office Manager","97224","55-64","Democrat",,8,8,"btwn-50-75","Account-Management,Administration-PersonalAssistant,Human-Resources",,"Twitter,Reddit,LinkedIn",,"Not really sure.","It was confusing as you have to scroll down just perfectly otherwise you might miss a question.","Twitter/X","B1-3","B1","C","engage","business",94,"millennial",90,"Male",80,17,15,57,67,71,61,71,"I would want to look at this further as it couple be easy to understand. Seems professionally made and probably trustworthy.",1.22,"engage","organization",100,"millennial",100,"Male",100,24,24,0,77,100,56,0,"I would look at this further as the subject interests me. I'm not familiar with the organization that put it out but I would suspect it is being truthful. Clearly a left wing organization which I align with.",2.34,"4"
"20","R_38fhVE1dC3HsMKZ","PROLIFIC","1","R_38fhVE1dC3HsMKZ","571178ec3d47e80011635b88","67c8a59172f0b48d4c66297d","67c8d4e118c7bb4a1837c45a","COMPLETE","2025-03-05 15:49:16","IP Address",100,TRUE,,"MAG_S4_PROLIFIC_GENERAL_B1","MAG_S2_PROLIFIC_GENERAL_1_STUDY4_PREPOST","https://mit.co1.qualtrics.com/jfe/form/SV_5A9sxhbPrtLwG58","Prolific-study4","GENERAL","Study4",1831,30.52,"Chrome","Windows NT 10.0","male","Male",,"White or Caucasian","hs_or_less","high school diploma or GED ","Working full-time","$75,000-$99,999","Office Manager","97224","55-64","Democrat",,8,8,"btwn-50-75","Account-Management,Administration-PersonalAssistant,Human-Resources",,"Twitter,Reddit,LinkedIn",,"Not really sure.","It was confusing as you have to scroll down just perfectly otherwise you might miss a question.","Twitter/X","B1-4","B1","D","engage","political",86,"gen-x",89,"Male",92,34,35,19,82,81,42,0,"Seems like it would be easy to read and is to inform. It appears to be semi-professional and I would look to see what information it conveys because of the format.",1.07,"engage","political",100,"gen-x",92,"Male",94,15,20,34,81,74,44,11,"Easy enough to digest the info and I would pause to read it. The source is legitimate so I would trust it.",3.37,"3"
"21","R_7rAgHR9m2QCXLBe","PROLIFIC","1","R_7rAgHR9m2QCXLBe","66b02b205860127d7281b4d0","67c8a59172f0b48d4c66297d","67c8d640eda6bd17efa708ba","COMPLETE","2025-03-05 15:55:06","IP Address",100,TRUE,,"MAG_S4_PROLIFIC_GENERAL_B1","MAG_S2_PROLIFIC_GENERAL_1_STUDY4_PREPOST","https://mit.co1.qualtrics.com/jfe/form/SV_5A9sxhbPrtLwG58","Prolific-study4","GENERAL","Study4",1618,26.97,"Chrome","Windows NT 10.0","female","Female",,"White or Caucasian","ugrad","some college","Working full-time","$50,000-$74,999","Associate","34474","25-34","Republican",,100,100,"less-25","Product-Management",,"Facebook,LinkedIn",,"To understand how people view images without knowing the political parties and intentions beforehand.","The characteristics of male or female is hard to judge upon . It was really a coin flip to pick one","Facebook","B0-0","B0","F","engage","political",85,"gen-x",60,"Female",100,28,0,55,75,50,55,70,"There is 1 clear winner as one is highest over 800 so definitely to persuade readers in my opinion.",1.68,"scroll","organization",75,"gen-x",25,"Female",65,30,0,0,50,20,55,20,"Left wing tend to care more about environmental factors.",4.36,
"22","R_7rAgHR9m2QCXLBe","PROLIFIC","1","R_7rAgHR9m2QCXLBe","66b02b205860127d7281b4d0","67c8a59172f0b48d4c66297d","67c8d640eda6bd17efa708ba","COMPLETE","2025-03-05 15:55:06","IP Address",100,TRUE,,"MAG_S4_PROLIFIC_GENERAL_B1","MAG_S2_PROLIFIC_GENERAL_1_STUDY4_PREPOST","https://mit.co1.qualtrics.com/jfe/form/SV_5A9sxhbPrtLwG58","Prolific-study4","GENERAL","Study4",1618,26.97,"Chrome","Windows NT 10.0","female","Female",,"White or Caucasian","ugrad","some college","Working full-time","$50,000-$74,999","Associate","34474","25-34","Republican",,100,100,"less-25","Product-Management",,"Facebook,LinkedIn",,"To understand how people view images without knowing the political parties and intentions beforehand.","The characteristics of male or female is hard to judge upon . It was really a coin flip to pick one","Facebook","B1-1","B1","A","engage","education",90,"boomer",90,"Male",70,0,0,52,51,51,100,0,"Seems like a typical high school textbook chart",0.9,"engage","organization",70,"boomer",100,"Female",100,90,90,52,100,52,100,0,"Changed alot but being on all recipes seems to be more feminine post.",1.72,"1"
"23","R_7rAgHR9m2QCXLBe","PROLIFIC","1","R_7rAgHR9m2QCXLBe","66b02b205860127d7281b4d0","67c8a59172f0b48d4c66297d","67c8d640eda6bd17efa708ba","COMPLETE","2025-03-05 15:55:06","IP Address",100,TRUE,,"MAG_S4_PROLIFIC_GENERAL_B1","MAG_S2_PROLIFIC_GENERAL_1_STUDY4_PREPOST","https://mit.co1.qualtrics.com/jfe/form/SV_5A9sxhbPrtLwG58","Prolific-study4","GENERAL","Study4",1618,26.97,"Chrome","Windows NT 10.0","female","Female",,"White or Caucasian","ugrad","some college","Working full-time","$50,000-$74,999","Associate","34474","25-34","Republican",,100,100,"less-25","Product-Management",,"Facebook,LinkedIn",,"To understand how people view images without knowing the political parties and intentions beforehand.","The characteristics of male or female is hard to judge upon . It was really a coin flip to pick one","Facebook","B1-2","B1","B","engage","education",100,"gen-x",54,"Male",58,0,0,49,100,50,45,0,"Seems like a textbook type of graph to inform everyone and  not persuade",0.83,"engage","education",100,"gen-x",100,"Male",100,0,0,62,59,59,36,0,"Seems to be more informal than persuasive still",1.19,"2"
"24","R_7rAgHR9m2QCXLBe","PROLIFIC","1","R_7rAgHR9m2QCXLBe","66b02b205860127d7281b4d0","67c8a59172f0b48d4c66297d","67c8d640eda6bd17efa708ba","COMPLETE","2025-03-05 15:55:06","IP Address",100,TRUE,,"MAG_S4_PROLIFIC_GENERAL_B1","MAG_S2_PROLIFIC_GENERAL_1_STUDY4_PREPOST","https://mit.co1.qualtrics.com/jfe/form/SV_5A9sxhbPrtLwG58","Prolific-study4","GENERAL","Study4",1618,26.97,"Chrome","Windows NT 10.0","female","Female",,"White or Caucasian","ugrad","some college","Working full-time","$50,000-$74,999","Associate","34474","25-34","Republican",,100,100,"less-25","Product-Management",,"Facebook,LinkedIn",,"To understand how people view images without knowing the political parties and intentions beforehand.","The characteristics of male or female is hard to judge upon . It was really a coin flip to pick one","Facebook","B1-3","B1","C","engage","political",100,"gen-z",100,"Other",100,100,100,0,0,0,100,100,"Just seems like a left wing liberal",0.44,"engage","political",100,"gen-z",100,"Other",100,100,100,0,0,0,100,100,"I feel the exact same as i did",0.7,"4"
"25","R_7rAgHR9m2QCXLBe","PROLIFIC","1","R_7rAgHR9m2QCXLBe","66b02b205860127d7281b4d0","67c8a59172f0b48d4c66297d","67c8d640eda6bd17efa708ba","COMPLETE","2025-03-05 15:55:06","IP Address",100,TRUE,,"MAG_S4_PROLIFIC_GENERAL_B1","MAG_S2_PROLIFIC_GENERAL_1_STUDY4_PREPOST","https://mit.co1.qualtrics.com/jfe/form/SV_5A9sxhbPrtLwG58","Prolific-study4","GENERAL","Study4",1618,26.97,"Chrome","Windows NT 10.0","female","Female",,"White or Caucasian","ugrad","some college","Working full-time","$50,000-$74,999","Associate","34474","25-34","Republican",,100,100,"less-25","Product-Management",,"Facebook,LinkedIn",,"To understand how people view images without knowing the political parties and intentions beforehand.","The characteristics of male or female is hard to judge upon . It was really a coin flip to pick one","Facebook","B1-4","B1","D","engage","political",100,"millennial",100,"Male",100,25,18,61,56,54,0,100,"Arrows seem to definitely say this is persuasive gesture.",0.61,"engage","political",100,"millennial",100,"Male",100,25,18,61,100,54,0,100,"Seems like a political party trying to get their point across",1.11,"3"
"26","R_7plun3cs3qaurHF","PROLIFIC","1","R_7plun3cs3qaurHF","63ff7cba3c3e7de3962b2523","67c8a59172f0b48d4c66297d","67c8d4c8a5e9b90de1bdfbc0","COMPLETE","2025-03-05 15:49:10","IP Address",100,TRUE,,"MAG_S4_PROLIFIC_GENERAL_B1","MAG_S2_PROLIFIC_GENERAL_1_STUDY4_PREPOST","https://mit.co1.qualtrics.com/jfe/form/SV_5A9sxhbPrtLwG58","Prolific-study4","GENERAL","Study4",2009,33.48,"Chrome","Windows NT 10.0","male","Male",,"White or Caucasian","hs_or_less","high school diploma or GED ","Working part-time","$25,000-$49,999","manufacturing","48131","35-44","Republican",,70,55,"less-25","other","labor","Facebook,Twitter,Reddit,LinkedIn",,"figure out what's most effective on social media and first impressions",,"Twitter/X","B0-0","B0","F","scroll","individual",15,"gen-z",53,"Female",49,33,41,30,39,34,6,35,"Well I don't understand the graph to start the purpose or anything it seems non sensical to me I assume its a young person but not sure could be someone impaired.",2.16,"engage","organization",42,"gen-x",38,"Female",55,49,47,43,39,54,11,37,"Well the context helped a little but it still seems amateurish to a degree but I would say it makes more sense but seems like bad marketing.",3,
"27","R_7plun3cs3qaurHF","PROLIFIC","1","R_7plun3cs3qaurHF","63ff7cba3c3e7de3962b2523","67c8a59172f0b48d4c66297d","67c8d4c8a5e9b90de1bdfbc0","COMPLETE","2025-03-05 15:49:10","IP Address",100,TRUE,,"MAG_S4_PROLIFIC_GENERAL_B1","MAG_S2_PROLIFIC_GENERAL_1_STUDY4_PREPOST","https://mit.co1.qualtrics.com/jfe/form/SV_5A9sxhbPrtLwG58","Prolific-study4","GENERAL","Study4",2009,33.48,"Chrome","Windows NT 10.0","male","Male",,"White or Caucasian","hs_or_less","high school diploma or GED ","Working part-time","$25,000-$49,999","manufacturing","48131","35-44","Republican",,70,55,"less-25","other","labor","Facebook,Twitter,Reddit,LinkedIn",,"figure out what's most effective on social media and first impressions",,"Twitter/X","B1-1","B1","A","scroll","individual",38,"boomer",37,"Male",29,57,56,51,55,54,33,43,"I feel like the graphics are retro old, probably not professional the data could be legit but never know",1.59,"scroll","business",100,"gen-x",53,"Female",18,55,57,41,52,47,17,44,"I still feel its done by a older person but not a highly professional but I can see how it is business related.",2.39,"4"
"28","R_7plun3cs3qaurHF","PROLIFIC","1","R_7plun3cs3qaurHF","63ff7cba3c3e7de3962b2523","67c8a59172f0b48d4c66297d","67c8d4c8a5e9b90de1bdfbc0","COMPLETE","2025-03-05 15:49:10","IP Address",100,TRUE,,"MAG_S4_PROLIFIC_GENERAL_B1","MAG_S2_PROLIFIC_GENERAL_1_STUDY4_PREPOST","https://mit.co1.qualtrics.com/jfe/form/SV_5A9sxhbPrtLwG58","Prolific-study4","GENERAL","Study4",2009,33.48,"Chrome","Windows NT 10.0","male","Male",,"White or Caucasian","hs_or_less","high school diploma or GED ","Working part-time","$25,000-$49,999","manufacturing","48131","35-44","Republican",,70,55,"less-25","other","labor","Facebook,Twitter,Reddit,LinkedIn",,"figure out what's most effective on social media and first impressions",,"Twitter/X","B1-2","B1","B","scroll","education",23,"boomer",31,"Male",21,41,25,51,56,52,54,37,"Well it seems more professional like its a political poll or two corresponding graphs with more data points in one so it seems more academic and professional.",2.36,"engage","education",54,"boomer",34,"Male",21,50,34,43,56,30,53,31,"was closer to what I expected it could be a corp but also a academic study. I think its professional and largely what I expected.",3.21,"1"
"29","R_7plun3cs3qaurHF","PROLIFIC","1","R_7plun3cs3qaurHF","63ff7cba3c3e7de3962b2523","67c8a59172f0b48d4c66297d","67c8d4c8a5e9b90de1bdfbc0","COMPLETE","2025-03-05 15:49:10","IP Address",100,TRUE,,"MAG_S4_PROLIFIC_GENERAL_B1","MAG_S2_PROLIFIC_GENERAL_1_STUDY4_PREPOST","https://mit.co1.qualtrics.com/jfe/form/SV_5A9sxhbPrtLwG58","Prolific-study4","GENERAL","Study4",2009,33.48,"Chrome","Windows NT 10.0","male","Male",,"White or Caucasian","hs_or_less","high school diploma or GED ","Working part-time","$25,000-$49,999","manufacturing","48131","35-44","Republican",,70,55,"less-25","other","labor","Facebook,Twitter,Reddit,LinkedIn",,"figure out what's most effective on social media and first impressions",,"Twitter/X","B1-3","B1","C","engage","individual",31,"boomer",35,"Male",19,45,55,65,53,55,69,60,"It seems like a more populist graph with the attempt to make it look appeasing and the patriotism. I doubt its a business or academic.",2.42,"scroll","political",47,"boomer",56,"Other",39,44,96,0,5,7,60,100,"the design completely tricked to thinking it leaned the other way politically.",2.4,"2"
"30","R_7plun3cs3qaurHF","PROLIFIC","1","R_7plun3cs3qaurHF","63ff7cba3c3e7de3962b2523","67c8a59172f0b48d4c66297d","67c8d4c8a5e9b90de1bdfbc0","COMPLETE","2025-03-05 15:49:10","IP Address",100,TRUE,,"MAG_S4_PROLIFIC_GENERAL_B1","MAG_S2_PROLIFIC_GENERAL_1_STUDY4_PREPOST","https://mit.co1.qualtrics.com/jfe/form/SV_5A9sxhbPrtLwG58","Prolific-study4","GENERAL","Study4",2009,33.48,"Chrome","Windows NT 10.0","male","Male",,"White or Caucasian","hs_or_less","high school diploma or GED ","Working part-time","$25,000-$49,999","manufacturing","48131","35-44","Republican",,70,55,"less-25","other","labor","Facebook,Twitter,Reddit,LinkedIn",,"figure out what's most effective on social media and first impressions",,"Twitter/X","B1-4","B1","D","engage","business",20,"boomer",24,"Female",18,38,56,35,46,19,46,69,"I assume change my mind now I think its political gun violence propaganda",1.82,"engage","political",59,"gen-x",36,"Female",43,43,56,6,29,17,47,58,"Yeah after thinking about it a while it was pretty much what I expected.",2.03,"3"
"31","R_6F5b2KyY7iqgius","PROLIFIC","1","R_6F5b2KyY7iqgius","67917e58d806392f78de047b","67c8a59172f0b48d4c66297d","67c8d549bbf99ba5d8ed43b0","COMPLETE","2025-03-05 15:51:32","IP Address",100,TRUE,,"MAG_S4_PROLIFIC_GENERAL_B1","MAG_S2_PROLIFIC_GENERAL_1_STUDY4_PREPOST","https://mit.co1.qualtrics.com/jfe/form/SV_5A9sxhbPrtLwG58","Prolific-study4","GENERAL","Study4",2084,34.73,"Chrome","Windows NT 10.0","male","Male",,"White or Caucasian","grad","graduate or professional degree","Retired","Less than $25,000","retired","15122","65+ years","Republican",,74,76,"more-75","Product-Management",,"Instagram",,"to share information on my view","none","Instagram","B0-0","B0","F","engage","business",91,"gen-x",79,"Male",100,23,42,51,45,60,71,15,"However I can still describe the virtual characteristics of the histogram, such as it's cheap, range and distribution which suggests a data set with a right speed distribution. This observation informs my response because it highlights the need for proper labeling to make the graph meaningful, and without that contents, any interpretation is limited to the virtual structure rather than the actual data being represented",4.49,"engage","business",100,"gen-x",83,"Male",100,24,40,55,54,61,71,14,"because i was able to know the title of the image",2.32,
"32","R_6F5b2KyY7iqgius","PROLIFIC","1","R_6F5b2KyY7iqgius","67917e58d806392f78de047b","67c8a59172f0b48d4c66297d","67c8d549bbf99ba5d8ed43b0","COMPLETE","2025-03-05 15:51:32","IP Address",100,TRUE,,"MAG_S4_PROLIFIC_GENERAL_B1","MAG_S2_PROLIFIC_GENERAL_1_STUDY4_PREPOST","https://mit.co1.qualtrics.com/jfe/form/SV_5A9sxhbPrtLwG58","Prolific-study4","GENERAL","Study4",2084,34.73,"Chrome","Windows NT 10.0","male","Male",,"White or Caucasian","grad","graduate or professional degree","Retired","Less than $25,000","retired","15122","65+ years","Republican",,74,76,"more-75","Product-Management",,"Instagram",,"to share information on my view","none","Instagram","B1-1","B1","A","engage","education",65,"gen-x",80,"Male",100,42,43,25,60,61,66,65,"The image shows a left wing of the graph side by side",1.17,"engage","organization",42,"gen-x",93,"Male",100,39,45,26,42,56,60,60,"Because I was able to identify dictator on what purpose did graph stands for",1.74,"2"
"33","R_6F5b2KyY7iqgius","PROLIFIC","1","R_6F5b2KyY7iqgius","67917e58d806392f78de047b","67c8a59172f0b48d4c66297d","67c8d549bbf99ba5d8ed43b0","COMPLETE","2025-03-05 15:51:32","IP Address",100,TRUE,,"MAG_S4_PROLIFIC_GENERAL_B1","MAG_S2_PROLIFIC_GENERAL_1_STUDY4_PREPOST","https://mit.co1.qualtrics.com/jfe/form/SV_5A9sxhbPrtLwG58","Prolific-study4","GENERAL","Study4",2084,34.73,"Chrome","Windows NT 10.0","male","Male",,"White or Caucasian","grad","graduate or professional degree","Retired","Less than $25,000","retired","15122","65+ years","Republican",,74,76,"more-75","Product-Management",,"Instagram",,"to share information on my view","none","Instagram","B1-2","B1","B","engage","education",51,"gen-x",60,"Male",100,57,57,56,57,56,57,56,"no idea",0.56,"engage","education",78,"gen-x",86,"Male",100,65,67,72,65,62,63,68,"i was able to identify the information on the image with the help of the title",1.54,"4"
"34","R_6F5b2KyY7iqgius","PROLIFIC","1","R_6F5b2KyY7iqgius","67917e58d806392f78de047b","67c8a59172f0b48d4c66297d","67c8d549bbf99ba5d8ed43b0","COMPLETE","2025-03-05 15:51:32","IP Address",100,TRUE,,"MAG_S4_PROLIFIC_GENERAL_B1","MAG_S2_PROLIFIC_GENERAL_1_STUDY4_PREPOST","https://mit.co1.qualtrics.com/jfe/form/SV_5A9sxhbPrtLwG58","Prolific-study4","GENERAL","Study4",2084,34.73,"Chrome","Windows NT 10.0","male","Male",,"White or Caucasian","grad","graduate or professional degree","Retired","Less than $25,000","retired","15122","65+ years","Republican",,74,76,"more-75","Product-Management",,"Instagram",,"to share information on my view","none","Instagram","B1-3","B1","C","engage","business",94,"gen-x",84,"Male",100,22,41,63,62,69,67,20,"However I can still describe the virtual characteristics of the Instagram, such as its shape range and distribution which suggests a data set with a right spirit distribution this observation informs my response because it highlights the need for proper labeling to make the graph meaningful and without that context any interpretation is limited to the virtual structure rather than the actual data being represented",1.98,"engage","political",91,"gen-x",85,"Male",100,22,42,62,63,71,65,21,"Because I was able to get more information title and wired life was being represented",2.19,"1"
"35","R_6F5b2KyY7iqgius","PROLIFIC","1","R_6F5b2KyY7iqgius","67917e58d806392f78de047b","67c8a59172f0b48d4c66297d","67c8d549bbf99ba5d8ed43b0","COMPLETE","2025-03-05 15:51:32","IP Address",100,TRUE,,"MAG_S4_PROLIFIC_GENERAL_B1","MAG_S2_PROLIFIC_GENERAL_1_STUDY4_PREPOST","https://mit.co1.qualtrics.com/jfe/form/SV_5A9sxhbPrtLwG58","Prolific-study4","GENERAL","Study4",2084,34.73,"Chrome","Windows NT 10.0","male","Male",,"White or Caucasian","grad","graduate or professional degree","Retired","Less than $25,000","retired","15122","65+ years","Republican",,74,76,"more-75","Product-Management",,"Instagram",,"to share information on my view","none","Instagram","B1-4","B1","D","engage","education",51,"gen-x",51,"Male",100,51,54,51,51,51,51,55,"no idea",0.84,"engage","individual",87,"gen-x",84,"Male",100,71,32,43,43,56,35,42,"i was able to identify the imagine by its title",1.97,"3"
"36","R_1tllC65FM331Hu0","PROLIFIC","1","R_1tllC65FM331Hu0","67b7a31975146e2c5189f4bd","67c8a59172f0b48d4c66297d","67c8d553a79f7284765c76fc","COMPLETE","2025-03-05 15:51:11","IP Address",100,TRUE,,"MAG_S4_PROLIFIC_GENERAL_B1","MAG_S2_PROLIFIC_GENERAL_1_STUDY4_PREPOST","https://mit.co1.qualtrics.com/jfe/form/SV_5A9sxhbPrtLwG58","Prolific-study4","GENERAL","Study4",2152,35.87,"Edge","Windows NT 10.0","female","Female",,"White or Caucasian,Asian","ugrad","associates or technical degree","Retired","$25,000-$49,999","retired","40342","55-64","Democrat",,41,45,"less-25","other",,"Facebook,Snapchat",,"To show if people are biased based on our political belefs.","I don't have any, but it was interesting.","Facebook","B0-0","B0","F","scroll","individual",70,"gen-x",50,"Female",60,100,100,50,51,51,60,51,"It's doesn't look vey professional.  I don't really understand the use of the green foiliage in a graph.",1.79,"engage","education",88,"millennial",60,"Female",66,37,66,23,82,82,64,0,"Well, now the foliage makes a little more sense in the graph.",2.77,
"37","R_1tllC65FM331Hu0","PROLIFIC","1","R_1tllC65FM331Hu0","67b7a31975146e2c5189f4bd","67c8a59172f0b48d4c66297d","67c8d553a79f7284765c76fc","COMPLETE","2025-03-05 15:51:11","IP Address",100,TRUE,,"MAG_S4_PROLIFIC_GENERAL_B1","MAG_S2_PROLIFIC_GENERAL_1_STUDY4_PREPOST","https://mit.co1.qualtrics.com/jfe/form/SV_5A9sxhbPrtLwG58","Prolific-study4","GENERAL","Study4",2152,35.87,"Edge","Windows NT 10.0","female","Female",,"White or Caucasian,Asian","ugrad","associates or technical degree","Retired","$25,000-$49,999","retired","40342","55-64","Democrat",,41,45,"less-25","other",,"Facebook,Snapchat",,"To show if people are biased based on our political belefs.","I don't have any, but it was interesting.","Facebook","B1-1","B1","A","scroll","business",100,"millennial",72,"Male",70,0,0,80,27,51,0,0,"It looks like something a business would have an employee make.",1.4,"scroll","individual",100,"gen-z",51,"Male",51,70,77,51,51,51,0,0,"The text makes it even more confusing.  I think only a person who is bored would go to the trouble to make this graph up.",2.88,"1"
"38","R_1tllC65FM331Hu0","PROLIFIC","1","R_1tllC65FM331Hu0","67b7a31975146e2c5189f4bd","67c8a59172f0b48d4c66297d","67c8d553a79f7284765c76fc","COMPLETE","2025-03-05 15:51:11","IP Address",100,TRUE,,"MAG_S4_PROLIFIC_GENERAL_B1","MAG_S2_PROLIFIC_GENERAL_1_STUDY4_PREPOST","https://mit.co1.qualtrics.com/jfe/form/SV_5A9sxhbPrtLwG58","Prolific-study4","GENERAL","Study4",2152,35.87,"Edge","Windows NT 10.0","female","Female",,"White or Caucasian,Asian","ugrad","associates or technical degree","Retired","$25,000-$49,999","retired","40342","55-64","Democrat",,41,45,"less-25","other",,"Facebook,Snapchat",,"To show if people are biased based on our political belefs.","I don't have any, but it was interesting.","Facebook","B1-2","B1","B","scroll","business",51,"gen-x",51,"Male",50,42,44,51,51,51,0,51,"I can't tell what the image is supposed to be about.  I know I don't like it, not sure why, though.",1.21,"engage","education",66,"millennial",60,"Female",51,42,42,45,94,93,0,0,"I don't know.  The fact that they ae saying that most Americans want priority to developing some alternative energy sources makes me think it's left leaning.  I think if it was a right wing group they would either lie about their findings or just not publish it at all, try to hide it.",4.28,"4"
"39","R_1tllC65FM331Hu0","PROLIFIC","1","R_1tllC65FM331Hu0","67b7a31975146e2c5189f4bd","67c8a59172f0b48d4c66297d","67c8d553a79f7284765c76fc","COMPLETE","2025-03-05 15:51:11","IP Address",100,TRUE,,"MAG_S4_PROLIFIC_GENERAL_B1","MAG_S2_PROLIFIC_GENERAL_1_STUDY4_PREPOST","https://mit.co1.qualtrics.com/jfe/form/SV_5A9sxhbPrtLwG58","Prolific-study4","GENERAL","Study4",2152,35.87,"Edge","Windows NT 10.0","female","Female",,"White or Caucasian,Asian","ugrad","associates or technical degree","Retired","$25,000-$49,999","retired","40342","55-64","Democrat",,41,45,"less-25","other",,"Facebook,Snapchat",,"To show if people are biased based on our political belefs.","I don't have any, but it was interesting.","Facebook","B1-3","B1","C","engage","political",71,"boomer",51,"Male",61,31,27,100,0,0,38,100,"The image of the American flag makes me think it's political.  Only the right wing in this country abuse the image of our flag.",1.46,"engage","political",100,"millennial",78,"Male",77,9,10,27,100,100,32,100,"I just assumed it was the right wing because of the American flag image.  I can't stand what used to be the Republican party so my answers changed due to that fact.",2.87,"2"
"40","R_1tllC65FM331Hu0","PROLIFIC","1","R_1tllC65FM331Hu0","67b7a31975146e2c5189f4bd","67c8a59172f0b48d4c66297d","67c8d553a79f7284765c76fc","COMPLETE","2025-03-05 15:51:11","IP Address",100,TRUE,,"MAG_S4_PROLIFIC_GENERAL_B1","MAG_S2_PROLIFIC_GENERAL_1_STUDY4_PREPOST","https://mit.co1.qualtrics.com/jfe/form/SV_5A9sxhbPrtLwG58","Prolific-study4","GENERAL","Study4",2152,35.87,"Edge","Windows NT 10.0","female","Female",,"White or Caucasian,Asian","ugrad","associates or technical degree","Retired","$25,000-$49,999","retired","40342","55-64","Democrat",,41,45,"less-25","other",,"Facebook,Snapchat",,"To show if people are biased based on our political belefs.","I don't have any, but it was interesting.","Facebook","B1-4","B1","D","scroll","news",63,"millennial",58,"Male",51,36,39,31,83,51,11,0,"I think the top images are guns, but not sure so am thinking it's a left leaning organization regarding guns owned.",2.19,"engage","news",73,"millennial",51,"Male",51,16,14,25,51,51,22,0,"I don't know if my answers changed that much.",2.78,"3"
"41","R_5QrCKYHt51qQEXO","PROLIFIC","1","R_5QrCKYHt51qQEXO","65c11f6098be0f40918869d2","67c8a59172f0b48d4c66297d","67c8d9edcb497982964a3ac3","COMPLETE","2025-03-05 16:11:12","IP Address",100,TRUE,,"MAG_S4_PROLIFIC_GENERAL_B1","MAG_S2_PROLIFIC_GENERAL_1_STUDY4_PREPOST","https://mit.co1.qualtrics.com/jfe/form/SV_5A9sxhbPrtLwG58","Prolific-study4","GENERAL","Study4",2327,38.78,"Safari iPhone","iPhone","female","Female",,"Black or African American","grad","graduate or professional degree","Working full-time","$100,000-$149,999","Credit Reporting Supervisor","36609","45-54","Independent",,39,36,"more-75","Finance-Accounting",,"Facebook,Twitter,Youtube,Instagram,Reddit,LinkedIn,Pinterest,Snapchat,TikTok",,"Peoples perception and ideology","None","Facebook","B0-0","B0","F","engage","news",68,"gen-x",58,"Male",61,83,21,50,50,50,50,64,"I believe the person who created this graph is presenting information to persuade the reader to a certain viewpoint, slightly. I think its provided by a outlet and supplements a story.",2.67,"engage","education",74,"gen-x",73,"Female",77,79,13,50,50,50,30,50,"Processing the colors of the graph I changed my belief from a man to woman creator. Also, I believe that the graph is being provided by an academic journal rather than the news media.",2.61,
"42","R_5QrCKYHt51qQEXO","PROLIFIC","1","R_5QrCKYHt51qQEXO","65c11f6098be0f40918869d2","67c8a59172f0b48d4c66297d","67c8d9edcb497982964a3ac3","COMPLETE","2025-03-05 16:11:12","IP Address",100,TRUE,,"MAG_S4_PROLIFIC_GENERAL_B1","MAG_S2_PROLIFIC_GENERAL_1_STUDY4_PREPOST","https://mit.co1.qualtrics.com/jfe/form/SV_5A9sxhbPrtLwG58","Prolific-study4","GENERAL","Study4",2327,38.78,"Safari iPhone","iPhone","female","Female",,"Black or African American","grad","graduate or professional degree","Working full-time","$100,000-$149,999","Credit Reporting Supervisor","36609","45-54","Independent",,39,36,"more-75","Finance-Accounting",,"Facebook,Twitter,Youtube,Instagram,Reddit,LinkedIn,Pinterest,Snapchat,TikTok",,"Peoples perception and ideology","None","Facebook","B1-1","B1","A","engage","business",69,"millennial",50,"Female",73,18,37,50,50,50,89,14,"I think this graph was created by a woman because of the colors and meant to inform the viewer. Its very aesthetically pleasing and designed for an academic institution to present data.",1.23,"engage","business",80,"millennial",65,"Female",81,18,23,51,78,50,93,15,"I changed my guess to suggest that a spice business or store created this graph to inform the viewer on how spices work together.",2.44,"2"
"43","R_5QrCKYHt51qQEXO","PROLIFIC","1","R_5QrCKYHt51qQEXO","65c11f6098be0f40918869d2","67c8a59172f0b48d4c66297d","67c8d9edcb497982964a3ac3","COMPLETE","2025-03-05 16:11:12","IP Address",100,TRUE,,"MAG_S4_PROLIFIC_GENERAL_B1","MAG_S2_PROLIFIC_GENERAL_1_STUDY4_PREPOST","https://mit.co1.qualtrics.com/jfe/form/SV_5A9sxhbPrtLwG58","Prolific-study4","GENERAL","Study4",2327,38.78,"Safari iPhone","iPhone","female","Female",,"Black or African American","grad","graduate or professional degree","Working full-time","$100,000-$149,999","Credit Reporting Supervisor","36609","45-54","Independent",,39,36,"more-75","Finance-Accounting",,"Facebook,Twitter,Youtube,Instagram,Reddit,LinkedIn,Pinterest,Snapchat,TikTok",,"Peoples perception and ideology","None","Facebook","B1-2","B1","B","engage","education",77,"boomer",76,"Male",76,32,19,53,69,50,59,13,"I believe had Todd graph as created by an older gentleman to present data in a scenic format because it is simple and straight to the point. Its professional constructed..",2.1,"scroll","education",92,"boomer",85,"Male",50,17,17,39,50,50,33,10,"I would probably still pass this graph now that I see its contents because the subject is not interesting to me. Additionally, I believe it can be equally developed by a man or woman because the field is so broad.",2.74,"3"
"44","R_5QrCKYHt51qQEXO","PROLIFIC","1","R_5QrCKYHt51qQEXO","65c11f6098be0f40918869d2","67c8a59172f0b48d4c66297d","67c8d9edcb497982964a3ac3","COMPLETE","2025-03-05 16:11:12","IP Address",100,TRUE,,"MAG_S4_PROLIFIC_GENERAL_B1","MAG_S2_PROLIFIC_GENERAL_1_STUDY4_PREPOST","https://mit.co1.qualtrics.com/jfe/form/SV_5A9sxhbPrtLwG58","Prolific-study4","GENERAL","Study4",2327,38.78,"Safari iPhone","iPhone","female","Female",,"Black or African American","grad","graduate or professional degree","Working full-time","$100,000-$149,999","Credit Reporting Supervisor","36609","45-54","Independent",,39,36,"more-75","Finance-Accounting",,"Facebook,Twitter,Youtube,Instagram,Reddit,LinkedIn,Pinterest,Snapchat,TikTok",,"Peoples perception and ideology","None","Facebook","B1-3","B1","C","engage","political",97,"gen-x",76,"Male",80,21,21,50,30,57,77,77,"I believe that this graph was created by prodigal motivation. It was designed to persuade the viewer rather than inform which is the goal of most political media. Also, I believe that the graph was created by a man simply because politics is male dominated.",2.08,"engage","political",100,"gen-x",73,"Male",90,13,15,20,25,100,86,100,"I think that I was connect on my guesses. The image was created to support the narrative that Trump is corrupt. Its a week designed graph that I believe was created by an older man on behalf of the opposite political party.",3.78,"1"
"45","R_5QrCKYHt51qQEXO","PROLIFIC","1","R_5QrCKYHt51qQEXO","65c11f6098be0f40918869d2","67c8a59172f0b48d4c66297d","67c8d9edcb497982964a3ac3","COMPLETE","2025-03-05 16:11:12","IP Address",100,TRUE,,"MAG_S4_PROLIFIC_GENERAL_B1","MAG_S2_PROLIFIC_GENERAL_1_STUDY4_PREPOST","https://mit.co1.qualtrics.com/jfe/form/SV_5A9sxhbPrtLwG58","Prolific-study4","GENERAL","Study4",2327,38.78,"Safari iPhone","iPhone","female","Female",,"Black or African American","grad","graduate or professional degree","Working full-time","$100,000-$149,999","Credit Reporting Supervisor","36609","45-54","Independent",,39,36,"more-75","Finance-Accounting",,"Facebook,Twitter,Youtube,Instagram,Reddit,LinkedIn,Pinterest,Snapchat,TikTok",,"Peoples perception and ideology","None","Facebook","B1-4","B1","D","scroll","business",50,"gen-x",50,"Female",50,21,20,50,54,50,28,12,"I would keep strolling on this graph because it has a lot going on and its not appealing to my eyes. I believe that it was created by a company possibly energy company to inform it viewers because of the graphics.",2.03,"engage","political",50,"gen-x",50,"Male",73,32,22,50,39,54,21,78,"I think this graphic was created by man because it depicts gruesome statistics that women typically do not take interest in. Also, I believe that that it was created by a political party that odd trying to push its agenda.",4.11,"4"
"46","R_3vc1IVl1UMrAopj","PROLIFIC","1","R_3vc1IVl1UMrAopj","651ae57627ffac02d6ffe7d2","67c8a59172f0b48d4c66297d","67c8e4a3424823af9a9c3fa9","COMPLETE","2025-03-05 16:57:10","IP Address",100,TRUE,,"MAG_S4_PROLIFIC_GENERAL_B1","MAG_S2_PROLIFIC_GENERAL_1_STUDY4_PREPOST","https://mit.co1.qualtrics.com/jfe/form/SV_5A9sxhbPrtLwG58","Prolific-study4","GENERAL","Study4",3825,63.75,"Firefox","Linux x86_64","male","Male",,"White or Caucasian","ugrad","associates or technical degree","Working part-time","Less than $25,000","Fast Food Crew, only 20 months to early retirement, so it's a low stress way to pay the bills.","37874","55-64","Independent",,0,0,"less-25","other","just a worker drone","Facebook,Reddit,LinkedIn",,"I have no clue.","The question on each regarding the gender of the creator of the image puzzled me. How on earth is this supposed to be determined from the image, or am I just odd in that I do not evaluate that as a part of what an image looks like.","Facebook","B0-0","B0","F","engage","individual",16,"millennial",6,"Female",1,94,51,49,27,51,20,75,"The bars in the graph look like they were bucket filled with a plant pattern. The graphic fill of the bars makes it hard to determine their exact amplitude, so making the graph harder to read. This reminds me a bit of the 'red text on black background' craze when I was younger.",2.73,"engage","individual",16,"millennial",6,"Female",1,94,51,49,27,51,20,75,"The text did not really change my opinion. Perhaps the only additional piece that reinforced my view of this having been done by an individual is that I am aware of no organizations that track this particular piece of data.",3.57,
"47","R_3vc1IVl1UMrAopj","PROLIFIC","1","R_3vc1IVl1UMrAopj","651ae57627ffac02d6ffe7d2","67c8a59172f0b48d4c66297d","67c8e4a3424823af9a9c3fa9","COMPLETE","2025-03-05 16:57:10","IP Address",100,TRUE,,"MAG_S4_PROLIFIC_GENERAL_B1","MAG_S2_PROLIFIC_GENERAL_1_STUDY4_PREPOST","https://mit.co1.qualtrics.com/jfe/form/SV_5A9sxhbPrtLwG58","Prolific-study4","GENERAL","Study4",3825,63.75,"Firefox","Linux x86_64","male","Male",,"White or Caucasian","ugrad","associates or technical degree","Working part-time","Less than $25,000","Fast Food Crew, only 20 months to early retirement, so it's a low stress way to pay the bills.","37874","55-64","Independent",,0,0,"less-25","other","just a worker drone","Facebook,Reddit,LinkedIn",,"I have no clue.","The question on each regarding the gender of the creator of the image puzzled me. How on earth is this supposed to be determined from the image, or am I just odd in that I do not evaluate that as a part of what an image looks like.","Facebook","B1-1","B1","A","engage","business",1,"millennial",1,"Male",1,46,46,50,50,50,38,50,"I'd mainly pause for the unusual straight 45 degree descent. Without the context I have no idea what is represented, perhaps the context would help.",3.62,"scroll","individual",18,"millennial",1,"Male",1,45,45,50,50,50,38,14,"This would be in the category of scroll right by while wondering what idiot thought that this particular set of data would be in any way useful. Likely an individual, perhaps doing some graph for a research project, or at least I hope this is for a project, if not the person has far too much time on their hands.",3.2,"4"
"48","R_3vc1IVl1UMrAopj","PROLIFIC","1","R_3vc1IVl1UMrAopj","651ae57627ffac02d6ffe7d2","67c8a59172f0b48d4c66297d","67c8e4a3424823af9a9c3fa9","COMPLETE","2025-03-05 16:57:10","IP Address",100,TRUE,,"MAG_S4_PROLIFIC_GENERAL_B1","MAG_S2_PROLIFIC_GENERAL_1_STUDY4_PREPOST","https://mit.co1.qualtrics.com/jfe/form/SV_5A9sxhbPrtLwG58","Prolific-study4","GENERAL","Study4",3825,63.75,"Firefox","Linux x86_64","male","Male",,"White or Caucasian","ugrad","associates or technical degree","Working part-time","Less than $25,000","Fast Food Crew, only 20 months to early retirement, so it's a low stress way to pay the bills.","37874","55-64","Independent",,0,0,"less-25","other","just a worker drone","Facebook,Reddit,LinkedIn",,"I have no clue.","The question on each regarding the gender of the creator of the image puzzled me. How on earth is this supposed to be determined from the image, or am I just odd in that I do not evaluate that as a part of what an image looks like.","Facebook","B1-2","B1","B","scroll","individual",1,"gen-x",1,"Male",1,40,40,50,50,50,25,50,"Other than this likely being a comparison of two data streams over time, nothing can be garnered from this without the text in the image and the surrounding content. Could be anything from financial performance to how many times two dogs barked. Irrelevant and no need to pause, unless the context results in you stopping.",3.52,"engage","political",60,"gen-x",1,"Male",1,40,35,34,54,56,26,23,"The text indicates survey data, so likely from an organization. Given that it has been posted, this likely means the organization is more in favor of renewables, so more closely aligns with my values.",4.53,"3"
"49","R_3vc1IVl1UMrAopj","PROLIFIC","1","R_3vc1IVl1UMrAopj","651ae57627ffac02d6ffe7d2","67c8a59172f0b48d4c66297d","67c8e4a3424823af9a9c3fa9","COMPLETE","2025-03-05 16:57:10","IP Address",100,TRUE,,"MAG_S4_PROLIFIC_GENERAL_B1","MAG_S2_PROLIFIC_GENERAL_1_STUDY4_PREPOST","https://mit.co1.qualtrics.com/jfe/form/SV_5A9sxhbPrtLwG58","Prolific-study4","GENERAL","Study4",3825,63.75,"Firefox","Linux x86_64","male","Male",,"White or Caucasian","ugrad","associates or technical degree","Working part-time","Less than $25,000","Fast Food Crew, only 20 months to early retirement, so it's a low stress way to pay the bills.","37874","55-64","Independent",,0,0,"less-25","other","just a worker drone","Facebook,Reddit,LinkedIn",,"I have no clue.","The question on each regarding the gender of the creator of the image puzzled me. How on earth is this supposed to be determined from the image, or am I just odd in that I do not evaluate that as a part of what an image looks like.","Facebook","B1-3","B1","C","scroll","individual",22,"boomer",43,"Male",34,94,89,99,1,1,0,98,"The flag background would cause me to just keep on scrolling. Anything like this usually from some jingoistic MAGA boomer without any real thoughts of their own in their head.",1.62,"engage","organization",43,"gen-x",25,"Male",7,91,45,0,97,100,1,37,"The text makes the image quite likely to be from a political action group, or politically aware amateur. It is very likely that there are shared values as this seems to be in opposition to tRump.",3.83,"1"
"50","R_3vc1IVl1UMrAopj","PROLIFIC","1","R_3vc1IVl1UMrAopj","651ae57627ffac02d6ffe7d2","67c8a59172f0b48d4c66297d","67c8e4a3424823af9a9c3fa9","COMPLETE","2025-03-05 16:57:10","IP Address",100,TRUE,,"MAG_S4_PROLIFIC_GENERAL_B1","MAG_S2_PROLIFIC_GENERAL_1_STUDY4_PREPOST","https://mit.co1.qualtrics.com/jfe/form/SV_5A9sxhbPrtLwG58","Prolific-study4","GENERAL","Study4",3825,63.75,"Firefox","Linux x86_64","male","Male",,"White or Caucasian","ugrad","associates or technical degree","Working part-time","Less than $25,000","Fast Food Crew, only 20 months to early retirement, so it's a low stress way to pay the bills.","37874","55-64","Independent",,0,0,"less-25","other","just a worker drone","Facebook,Reddit,LinkedIn",,"I have no clue.","The question on each regarding the gender of the creator of the image puzzled me. How on earth is this supposed to be determined from the image, or am I just odd in that I do not evaluate that as a part of what an image looks like.","Facebook","B1-4","B1","D","scroll","political",25,"gen-x",21,"Male",2,32,32,50,50,50,19,63,"This seems to be some graphic relating to gun statistics. Based on just the visual I am unable to determine the stance of the group that created this. It is likely a politically charged message.",2.01,"scroll","political",25,"gen-x",21,"Male",2,32,32,50,50,50,19,63,"While it relates to gun violence, it is still unclear if it is in opposition to gun ownership or in favor of it. More context would be needed, but not sure I would even bother as a pause or click on a group in favor of less gun control could escalate their position.",5.48,"2"
"51","R_1NTQKVdgM8CmNO1","PROLIFIC","1","R_1NTQKVdgM8CmNO1","66926bdaacd865fc152ef5ff","67c8a59172f0b48d4c66297d","67c9cd42e8cdcfbce4f1b359","COMPLETE","2025-03-06 09:30:12","IP Address",100,TRUE,,"MAG_S4_PROLIFIC_GENERAL_B1","MAG_S2_PROLIFIC_GENERAL_1_STUDY4_PREPOST","https://mit.co1.qualtrics.com/jfe/form/SV_5A9sxhbPrtLwG58","Prolific-study4","GENERAL","Study4",1355,22.58,"Chrome","Windows NT 10.0","female","Female",,"White or Caucasian","ugrad","undergradudate degree","Working full-time","$150,000 or more","bank controller","44133","45-54","Republican",,57,57,"more-75","Administration-PersonalAssistant,Finance-Accounting",,"Facebook,Instagram,Reddit,LinkedIn",,"i'm not sure.  I think it was very vague.  Not sure how you can tell if a person is left or right wing or male and female from what was provided.",,"Facebook","B0-0","B0","F","engage","individual",74,"millennial",51,"Male",74,30,23,51,75,80,62,10,"the image to me looks like sustainability and climate change discussions.  so i would be interested to learn more and would click on it.",0.85,"scroll","political",73,"millennial",61,"Male",51,22,21,51,86,81,51,14,"i don't think they really changed much.  i wasn't expecting it to be about trees in neighborhood.  i'm confused by questioning honestly.",1.41,
"52","R_1NTQKVdgM8CmNO1","PROLIFIC","1","R_1NTQKVdgM8CmNO1","66926bdaacd865fc152ef5ff","67c8a59172f0b48d4c66297d","67c9cd42e8cdcfbce4f1b359","COMPLETE","2025-03-06 09:30:12","IP Address",100,TRUE,,"MAG_S4_PROLIFIC_GENERAL_B1","MAG_S2_PROLIFIC_GENERAL_1_STUDY4_PREPOST","https://mit.co1.qualtrics.com/jfe/form/SV_5A9sxhbPrtLwG58","Prolific-study4","GENERAL","Study4",1355,22.58,"Chrome","Windows NT 10.0","female","Female",,"White or Caucasian","ugrad","undergradudate degree","Working full-time","$150,000 or more","bank controller","44133","45-54","Republican",,57,57,"more-75","Administration-PersonalAssistant,Finance-Accounting",,"Facebook,Instagram,Reddit,LinkedIn",,"i'm not sure.  I think it was very vague.  Not sure how you can tell if a person is left or right wing or male and female from what was provided.",,"Facebook","B1-1","B1","A","scroll","business",67,"gen-x",50,"Male",51,51,74,51,65,51,75,8,"i think its definitely intedned to inform as there is no wording or descriptions to persuade.  i think a business probably created this.  Can't tell if man or woman or left vs right withouth more information.",0.95,"engage","individual",77,"gen-x",70,"Female",81,85,82,51,85,85,51,10,"my answers changed when i saw the chart had to do with spices and is from allrecipes.  this informs me an indivdiual created.  i would guess most likely a woman as they cook more than males and probably search allrecipes more also.",1.46,"3"
"53","R_1NTQKVdgM8CmNO1","PROLIFIC","1","R_1NTQKVdgM8CmNO1","66926bdaacd865fc152ef5ff","67c8a59172f0b48d4c66297d","67c9cd42e8cdcfbce4f1b359","COMPLETE","2025-03-06 09:30:12","IP Address",100,TRUE,,"MAG_S4_PROLIFIC_GENERAL_B1","MAG_S2_PROLIFIC_GENERAL_1_STUDY4_PREPOST","https://mit.co1.qualtrics.com/jfe/form/SV_5A9sxhbPrtLwG58","Prolific-study4","GENERAL","Study4",1355,22.58,"Chrome","Windows NT 10.0","female","Female",,"White or Caucasian","ugrad","undergradudate degree","Working full-time","$150,000 or more","bank controller","44133","45-54","Republican",,57,57,"more-75","Administration-PersonalAssistant,Finance-Accounting",,"Facebook,Instagram,Reddit,LinkedIn",,"i'm not sure.  I think it was very vague.  Not sure how you can tell if a person is left or right wing or male and female from what was provided.",,"Facebook","B1-2","B1","B","scroll","individual",68,"gen-x",76,"Male",39,88,79,51,58,51,37,3,"because of the graph format and no emotional appeal this graph is more to inform rather than persuade.  i cannot tell if they are left wing or right wing.  I do believe an individual made this however.  I think the person that created is layperson because formatting looks generic.",2.45,"scroll","individual",77,"gen-x",69,"Male",51,82,81,51,57,51,32,15,"the graph is still just a factual image so it is there to inform.  I dont think you can tell if right or left wing versus male or female.  I do trust the information as it seems an indvidiual gathered and no reason not to believe.",3.02,"2"
"54","R_1NTQKVdgM8CmNO1","PROLIFIC","1","R_1NTQKVdgM8CmNO1","66926bdaacd865fc152ef5ff","67c8a59172f0b48d4c66297d","67c9cd42e8cdcfbce4f1b359","COMPLETE","2025-03-06 09:30:12","IP Address",100,TRUE,,"MAG_S4_PROLIFIC_GENERAL_B1","MAG_S2_PROLIFIC_GENERAL_1_STUDY4_PREPOST","https://mit.co1.qualtrics.com/jfe/form/SV_5A9sxhbPrtLwG58","Prolific-study4","GENERAL","Study4",1355,22.58,"Chrome","Windows NT 10.0","female","Female",,"White or Caucasian","ugrad","undergradudate degree","Working full-time","$150,000 or more","bank controller","44133","45-54","Republican",,57,57,"more-75","Administration-PersonalAssistant,Finance-Accounting",,"Facebook,Instagram,Reddit,LinkedIn",,"i'm not sure.  I think it was very vague.  Not sure how you can tell if a person is left or right wing or male and female from what was provided.",,"Facebook","B1-3","B1","C","scroll","political",94,"gen-x",76,"Male",39,21,21,51,35,55,41,51,"i selected government image due to the flag, which is also why i lowered trust rating though.  i dont trust government",1.17,"scroll","political",70,"gen-x",56,"Male",51,24,25,51,13,27,27,67,"i still don't trust this due to now its talking about corruption.  I would keep scrolling",1.3,"1"
"55","R_1NTQKVdgM8CmNO1","PROLIFIC","1","R_1NTQKVdgM8CmNO1","66926bdaacd865fc152ef5ff","67c8a59172f0b48d4c66297d","67c9cd42e8cdcfbce4f1b359","COMPLETE","2025-03-06 09:30:12","IP Address",100,TRUE,,"MAG_S4_PROLIFIC_GENERAL_B1","MAG_S2_PROLIFIC_GENERAL_1_STUDY4_PREPOST","https://mit.co1.qualtrics.com/jfe/form/SV_5A9sxhbPrtLwG58","Prolific-study4","GENERAL","Study4",1355,22.58,"Chrome","Windows NT 10.0","female","Female",,"White or Caucasian","ugrad","undergradudate degree","Working full-time","$150,000 or more","bank controller","44133","45-54","Republican",,57,57,"more-75","Administration-PersonalAssistant,Finance-Accounting",,"Facebook,Instagram,Reddit,LinkedIn",,"i'm not sure.  I think it was very vague.  Not sure how you can tell if a person is left or right wing or male and female from what was provided.",,"Facebook","B1-4","B1","D","engage","political",21,"gen-x",28,"Male",29,83,85,51,69,51,69,7,"i think this image is to inform.  it doesn't seem to complex so i think its layperson.  Also i feel like it could be done by government becuase to me i automatically though represnetatives and states, etc.",0.86,"engage","political",78,"gen-x",67,"Male",81,79,86,51,67,39,19,7,"image is definitely to inform as theres no words to persuade.  There is not enough info to determine male or female and left or right wing.  However i do think govt did this as its in regards to violence in nyc.",1.43,"4"
"56","R_3hH2y8Xn2WdtjbS","PROLIFIC","1","R_3hH2y8Xn2WdtjbS","653b00b25d4734b333b03fc9","67c8a59172f0b48d4c66297d","67c9ce6d05ae9ace58ab549b","COMPLETE","2025-03-06 09:34:24","IP Address",100,TRUE,,"MAG_S4_PROLIFIC_GENERAL_B1","MAG_S2_PROLIFIC_GENERAL_1_STUDY4_PREPOST","https://mit.co1.qualtrics.com/jfe/form/SV_5A9sxhbPrtLwG58","Prolific-study4","GENERAL","Study4",1786,29.77,"Chrome","Windows NT 10.0","male","Male",,"White or Caucasian","ugrad","associates or technical degree","Retired","$25,000-$49,999","retired","27103","65+ years","Independent",,24,24,"more-75","other","retired","other","blue sky","judge pre existent bias on individuals. folks making assumptions before knowing the facts. interesting study","none","Twitter/X","B0-0","B0","F","scroll","individual",65,"millennial",69,"Male",68,42,71,48,48,57,66,75,"i'm thinking it has to do with pot and legalization of it",1.53,"engage","news",73,"gen-z",58,"Female",63,44,59,28,74,77,74,76,"more details help decide what the image was about makes it more interesting",2.39,
"57","R_3hH2y8Xn2WdtjbS","PROLIFIC","1","R_3hH2y8Xn2WdtjbS","653b00b25d4734b333b03fc9","67c8a59172f0b48d4c66297d","67c9ce6d05ae9ace58ab549b","COMPLETE","2025-03-06 09:34:24","IP Address",100,TRUE,,"MAG_S4_PROLIFIC_GENERAL_B1","MAG_S2_PROLIFIC_GENERAL_1_STUDY4_PREPOST","https://mit.co1.qualtrics.com/jfe/form/SV_5A9sxhbPrtLwG58","Prolific-study4","GENERAL","Study4",1786,29.77,"Chrome","Windows NT 10.0","male","Male",,"White or Caucasian","ugrad","associates or technical degree","Retired","$25,000-$49,999","retired","27103","65+ years","Independent",,24,24,"more-75","other","retired","other","blue sky","judge pre existent bias on individuals. folks making assumptions before knowing the facts. interesting study","none","Twitter/X","B1-1","B1","A","engage","business",52,"millennial",52,"Male",53,20,20,51,51,51,79,79,"i have no idea what it is about, interested to find out",1.08,"scroll","business",92,"millennial",74,"Female",86,12,17,51,86,51,81,10,"had no clue , interesting to know what it was about but not interested in the topic",2.35,"2"
"58","R_3hH2y8Xn2WdtjbS","PROLIFIC","1","R_3hH2y8Xn2WdtjbS","653b00b25d4734b333b03fc9","67c8a59172f0b48d4c66297d","67c9ce6d05ae9ace58ab549b","COMPLETE","2025-03-06 09:34:24","IP Address",100,TRUE,,"MAG_S4_PROLIFIC_GENERAL_B1","MAG_S2_PROLIFIC_GENERAL_1_STUDY4_PREPOST","https://mit.co1.qualtrics.com/jfe/form/SV_5A9sxhbPrtLwG58","Prolific-study4","GENERAL","Study4",1786,29.77,"Chrome","Windows NT 10.0","male","Male",,"White or Caucasian","ugrad","associates or technical degree","Retired","$25,000-$49,999","retired","27103","65+ years","Independent",,24,24,"more-75","other","retired","other","blue sky","judge pre existent bias on individuals. folks making assumptions before knowing the facts. interesting study","none","Twitter/X","B1-2","B1","B","scroll","political",50,"gen-x",51,"Female",51,23,27,51,51,51,80,17,"well done graph. interested to see what its about",0.95,"engage","education",57,"millennial",59,"Female",60,16,17,21,81,87,83,17,"interesting info. also surprised its so one sided. like to see an up to date chart",2.88,"4"
"59","R_3hH2y8Xn2WdtjbS","PROLIFIC","1","R_3hH2y8Xn2WdtjbS","653b00b25d4734b333b03fc9","67c8a59172f0b48d4c66297d","67c9ce6d05ae9ace58ab549b","COMPLETE","2025-03-06 09:34:24","IP Address",100,TRUE,,"MAG_S4_PROLIFIC_GENERAL_B1","MAG_S2_PROLIFIC_GENERAL_1_STUDY4_PREPOST","https://mit.co1.qualtrics.com/jfe/form/SV_5A9sxhbPrtLwG58","Prolific-study4","GENERAL","Study4",1786,29.77,"Chrome","Windows NT 10.0","male","Male",,"White or Caucasian","ugrad","associates or technical degree","Retired","$25,000-$49,999","retired","27103","65+ years","Independent",,24,24,"more-75","other","retired","other","blue sky","judge pre existent bias on individuals. folks making assumptions before knowing the facts. interesting study","none","Twitter/X","B1-3","B1","C","engage","political",51,"boomer",51,"Male",49,25,26,76,51,22,60,81,"interesting image. the background is hard to make out other than the flags.",1.23,"engage","news",77,"gen-x",54,"Male",54,18,20,11,81,90,82,12,"surprised about the meaning. definitely deserves a reading.",2.48,"3"
"60","R_3hH2y8Xn2WdtjbS","PROLIFIC","1","R_3hH2y8Xn2WdtjbS","653b00b25d4734b333b03fc9","67c8a59172f0b48d4c66297d","67c9ce6d05ae9ace58ab549b","COMPLETE","2025-03-06 09:34:24","IP Address",100,TRUE,,"MAG_S4_PROLIFIC_GENERAL_B1","MAG_S2_PROLIFIC_GENERAL_1_STUDY4_PREPOST","https://mit.co1.qualtrics.com/jfe/form/SV_5A9sxhbPrtLwG58","Prolific-study4","GENERAL","Study4",1786,29.77,"Chrome","Windows NT 10.0","male","Male",,"White or Caucasian","ugrad","associates or technical degree","Retired","$25,000-$49,999","retired","27103","65+ years","Independent",,24,24,"more-75","other","retired","other","blue sky","judge pre existent bias on individuals. folks making assumptions before knowing the facts. interesting study","none","Twitter/X","B1-4","B1","D","engage","education",55,"millennial",53,"Female",55,21,24,21,81,77,76,76,"gun deaths by year",0.81,"scroll","political",89,"gen-x",59,"Male",84,20,21,53,90,52,77,10,"includes both shootings and deaths. in nyc only. more informed",2.42,"1"
"61","R_36lsPCIUrHD1d6y","PROLIFIC","1","R_36lsPCIUrHD1d6y","673f58421b143a15bc2367c1","67c8a59172f0b48d4c66297d","67c9ccf939a17541ceaac1b8","COMPLETE","2025-03-06 09:27:56","IP Address",100,TRUE,,"MAG_S4_PROLIFIC_GENERAL_B1","MAG_S2_PROLIFIC_GENERAL_1_STUDY4_PREPOST","https://mit.co1.qualtrics.com/jfe/form/SV_5A9sxhbPrtLwG58","Prolific-study4","GENERAL","Study4",4302,71.7,"Chrome","Windows NT 10.0","female","Female",,"White or Caucasian","ugrad","undergradudate degree","Working full-time","$50,000-$74,999","I am an operations manager in a wholesale trade company.","19444","45-54","Republican",,51,64,"btwn-50-75","Account-Management,Data-Analysis,Finance-Accounting,Operations,Product-Management,Project-Program-Management,Research,Sales-Business-Development",,"Facebook,Twitter,Youtube,Instagram,Reddit,LinkedIn,Pinterest,Snapchat,TikTok",,"To see if the images and colors or the subject matter is what compels someone to engage with a certain video when scrolling social media.","I enjoyed this task because it made me think about how I perceive certain types of subjects that I engage with on social media and whether or not my interpretations are accurate.","Instagram","B0-0","B0","F","scroll","business",73,"gen-x",71,"Female",82,26,19,84,78,72,62,28,"The image looks like a graph that shows different levels of plants and how they grow and the colors make me think this is a middle aged person and a female designing this as well as a more professional person because the graph seems to be more organized and designed like it was made by someone who knows how to design charts.",11.95,"engage","business",80,"gen-x",77,"Female",78,81,78,71,83,76,64,75,"I decided I would pause and take a look at the image in a little more detail just to see if anything interested me anymore than previously. I liked the colors of the image and the plant life but overall it was not especially stimulating to me.",5.03,
"62","R_36lsPCIUrHD1d6y","PROLIFIC","1","R_36lsPCIUrHD1d6y","673f58421b143a15bc2367c1","67c8a59172f0b48d4c66297d","67c9ccf939a17541ceaac1b8","COMPLETE","2025-03-06 09:27:56","IP Address",100,TRUE,,"MAG_S4_PROLIFIC_GENERAL_B1","MAG_S2_PROLIFIC_GENERAL_1_STUDY4_PREPOST","https://mit.co1.qualtrics.com/jfe/form/SV_5A9sxhbPrtLwG58","Prolific-study4","GENERAL","Study4",4302,71.7,"Chrome","Windows NT 10.0","female","Female",,"White or Caucasian","ugrad","undergradudate degree","Working full-time","$50,000-$74,999","I am an operations manager in a wholesale trade company.","19444","45-54","Republican",,51,64,"btwn-50-75","Account-Management,Data-Analysis,Finance-Accounting,Operations,Product-Management,Project-Program-Management,Research,Sales-Business-Development",,"Facebook,Twitter,Youtube,Instagram,Reddit,LinkedIn,Pinterest,Snapchat,TikTok",,"To see if the images and colors or the subject matter is what compels someone to engage with a certain video when scrolling social media.","I enjoyed this task because it made me think about how I perceive certain types of subjects that I engage with on social media and whether or not my interpretations are accurate.","Instagram","B1-1","B1","A","scroll","education",62,"millennial",69,"Male",63,21,21,75,75,71,72,17,"I think the information on the side and bottom of the graph gives me details about categories that would show what information the graph wanted the viewer to see differences in whether it be growth or decline and the different colors would represent the levels which these categories reached when measured. This graph seemed very detailed and like it represented a lot of different categories in an organized and efficient manner.",4.67,"engage","education",68,"millennial",71,"Female",77,15,14,42,85,82,79,10,"Some of my answers changed like I now think a female designed this graph instead of a male because it is about spices and recipes and I associate those things more with females. Also, I think the millennials may have come up with this graph because they are an age group who like to cook and may be involved in reporting as a career. I also decided to pause and check this out instead of keep scrolling once I noticed the spices and website that were involved because those subjects interested me.",5.49,"1"
"63","R_36lsPCIUrHD1d6y","PROLIFIC","1","R_36lsPCIUrHD1d6y","673f58421b143a15bc2367c1","67c8a59172f0b48d4c66297d","67c9ccf939a17541ceaac1b8","COMPLETE","2025-03-06 09:27:56","IP Address",100,TRUE,,"MAG_S4_PROLIFIC_GENERAL_B1","MAG_S2_PROLIFIC_GENERAL_1_STUDY4_PREPOST","https://mit.co1.qualtrics.com/jfe/form/SV_5A9sxhbPrtLwG58","Prolific-study4","GENERAL","Study4",4302,71.7,"Chrome","Windows NT 10.0","female","Female",,"White or Caucasian","ugrad","undergradudate degree","Working full-time","$50,000-$74,999","I am an operations manager in a wholesale trade company.","19444","45-54","Republican",,51,64,"btwn-50-75","Account-Management,Data-Analysis,Finance-Accounting,Operations,Product-Management,Project-Program-Management,Research,Sales-Business-Development",,"Facebook,Twitter,Youtube,Instagram,Reddit,LinkedIn,Pinterest,Snapchat,TikTok",,"To see if the images and colors or the subject matter is what compels someone to engage with a certain video when scrolling social media.","I enjoyed this task because it made me think about how I perceive certain types of subjects that I engage with on social media and whether or not my interpretations are accurate.","Instagram","B1-2","B1","B","scroll","political",68,"gen-x",79,"Male",69,33,40,44,60,62,26,61,"I think this looks like a political graph and it might be something that I would glance at but not pay a lot of attention to because I do not fully trust these kinds of graphs. This is not really aesthetically pleasing to me and I would feel like this is trying to persuade people that one side is doing better than the other based on polls.",3.75,"engage","political",79,"gen-x",79,"Male",70,24,24,23,55,42,34,70,"I decided to take a look at this graph a little longer just to see where people stood on the energy issue, but I still think this was promoted by a government agency or think tank and i really believe this was done in an effort to persuade people to choose alternative sources of energy. I still think a male designed this graph and it was someone on the liberal side and I am not convinced that these results are fully trustable.",5.09,"2"
"64","R_36lsPCIUrHD1d6y","PROLIFIC","1","R_36lsPCIUrHD1d6y","673f58421b143a15bc2367c1","67c8a59172f0b48d4c66297d","67c9ccf939a17541ceaac1b8","COMPLETE","2025-03-06 09:27:56","IP Address",100,TRUE,,"MAG_S4_PROLIFIC_GENERAL_B1","MAG_S2_PROLIFIC_GENERAL_1_STUDY4_PREPOST","https://mit.co1.qualtrics.com/jfe/form/SV_5A9sxhbPrtLwG58","Prolific-study4","GENERAL","Study4",4302,71.7,"Chrome","Windows NT 10.0","female","Female",,"White or Caucasian","ugrad","undergradudate degree","Working full-time","$50,000-$74,999","I am an operations manager in a wholesale trade company.","19444","45-54","Republican",,51,64,"btwn-50-75","Account-Management,Data-Analysis,Finance-Accounting,Operations,Product-Management,Project-Program-Management,Research,Sales-Business-Development",,"Facebook,Twitter,Youtube,Instagram,Reddit,LinkedIn,Pinterest,Snapchat,TikTok",,"To see if the images and colors or the subject matter is what compels someone to engage with a certain video when scrolling social media.","I enjoyed this task because it made me think about how I perceive certain types of subjects that I engage with on social media and whether or not my interpretations are accurate.","Instagram","B1-3","B1","C","engage","political",71,"millennial",61,"Male",65,20,23,56,77,82,88,28,"I would pause and check this out because I really like the background of the US flag and this is what makes me curious about this graph and what it represents.",1.43,"engage","political",85,"gen-x",77,"Male",58,14,14,3,30,19,73,84,"I changed my view to political organization because of the subject matter of the graph. I also decided this was a left wing presentation as well as from an older generation based on the political aspect. I deemed it untrustworthy and not aligning with my values because I do not see any facts associated with this graph.",2.82,"4"
"65","R_36lsPCIUrHD1d6y","PROLIFIC","1","R_36lsPCIUrHD1d6y","673f58421b143a15bc2367c1","67c8a59172f0b48d4c66297d","67c9ccf939a17541ceaac1b8","COMPLETE","2025-03-06 09:27:56","IP Address",100,TRUE,,"MAG_S4_PROLIFIC_GENERAL_B1","MAG_S2_PROLIFIC_GENERAL_1_STUDY4_PREPOST","https://mit.co1.qualtrics.com/jfe/form/SV_5A9sxhbPrtLwG58","Prolific-study4","GENERAL","Study4",4302,71.7,"Chrome","Windows NT 10.0","female","Female",,"White or Caucasian","ugrad","undergradudate degree","Working full-time","$50,000-$74,999","I am an operations manager in a wholesale trade company.","19444","45-54","Republican",,51,64,"btwn-50-75","Account-Management,Data-Analysis,Finance-Accounting,Operations,Product-Management,Project-Program-Management,Research,Sales-Business-Development",,"Facebook,Twitter,Youtube,Instagram,Reddit,LinkedIn,Pinterest,Snapchat,TikTok",,"To see if the images and colors or the subject matter is what compels someone to engage with a certain video when scrolling social media.","I enjoyed this task because it made me think about how I perceive certain types of subjects that I engage with on social media and whether or not my interpretations are accurate.","Instagram","B1-4","B1","D","engage","business",47,"millennial",39,"Male",59,58,65,42,57,57,72,20,"I think this looks like a graph that someone might make for a business but they might not be a professional at graph design. I also think this looks like the type of graph that wants to inform people of either an increase or decline in activity. It is more aesthetically pleasing to me because it has more colors and different objects to show the varying items.",6.78,"engage","news",63,"millennial",63,"Male",69,36,33,33,79,86,77,16,"I changed a few of my opinions like I think this might be designed by a journalist group or a TV news group because it concerns crime rates. I also think this is trustworthy, professionally designed and more aligning with my values because of the subject matter, and the fact that the source was the NYPD.",4.42,"3"
"66","R_6sztunJID4Cs9fB","PROLIFIC","1","R_6sztunJID4Cs9fB","66e70629ea7dab78f439f069","67c8a59172f0b48d4c66297d","67c9db9488968c11fcaf42d5","COMPLETE","2025-03-06 10:31:59","IP Address",100,TRUE,,"MAG_S4_PROLIFIC_GENERAL_B1","MAG_S2_PROLIFIC_GENERAL_1_STUDY4_PREPOST","https://mit.co1.qualtrics.com/jfe/form/SV_5A9sxhbPrtLwG58","Prolific-study4","GENERAL","Study4",2073,34.55,"Chrome","Macintosh","male","Male",,"Black or African American","grad","graduate or professional degree","Working full-time","$100,000-$149,999","IT Specialist","29607","45-54","Democrat",,23,25,"btwn-50-75","IT",,"Twitter,Instagram,LinkedIn,TikTok",,"i think its about the understanding of social media users feedback","no feedback to give","Instagram","B0-0","B0","F","engage","education",62,"gen-x",70,"Male",87,30,36,30,65,71,43,24,"it is basically a visual data and it tries to use the data to tell as much details as possible so that is what the image informs me about",2.29,"engage","education",66,"gen-x",74,"Male",93,25,29,19,79,88,32,17,"my answers did not hange because the images did not change by much",1.55,
"67","R_6sztunJID4Cs9fB","PROLIFIC","1","R_6sztunJID4Cs9fB","66e70629ea7dab78f439f069","67c8a59172f0b48d4c66297d","67c9db9488968c11fcaf42d5","COMPLETE","2025-03-06 10:31:59","IP Address",100,TRUE,,"MAG_S4_PROLIFIC_GENERAL_B1","MAG_S2_PROLIFIC_GENERAL_1_STUDY4_PREPOST","https://mit.co1.qualtrics.com/jfe/form/SV_5A9sxhbPrtLwG58","Prolific-study4","GENERAL","Study4",2073,34.55,"Chrome","Macintosh","male","Male",,"Black or African American","grad","graduate or professional degree","Working full-time","$100,000-$149,999","IT Specialist","29607","45-54","Democrat",,23,25,"btwn-50-75","IT",,"Twitter,Instagram,LinkedIn,TikTok",,"i think its about the understanding of social media users feedback","no feedback to give","Instagram","B1-1","B1","A","scroll","business",67,"millennial",66,"Female",67,32,34,20,80,75,72,65,"the image is very clear and very and its clarity informed my decisions",2.22,"scroll","business",87,"millennial",77,"Female",75,35,36,28,86,85,81,64,"my answers did not change because the changes on the image just reinforced my answers",2.5,"3"
"68","R_6sztunJID4Cs9fB","PROLIFIC","1","R_6sztunJID4Cs9fB","66e70629ea7dab78f439f069","67c8a59172f0b48d4c66297d","67c9db9488968c11fcaf42d5","COMPLETE","2025-03-06 10:31:59","IP Address",100,TRUE,,"MAG_S4_PROLIFIC_GENERAL_B1","MAG_S2_PROLIFIC_GENERAL_1_STUDY4_PREPOST","https://mit.co1.qualtrics.com/jfe/form/SV_5A9sxhbPrtLwG58","Prolific-study4","GENERAL","Study4",2073,34.55,"Chrome","Macintosh","male","Male",,"Black or African American","grad","graduate or professional degree","Working full-time","$100,000-$149,999","IT Specialist","29607","45-54","Democrat",,23,25,"btwn-50-75","IT",,"Twitter,Instagram,LinkedIn,TikTok",,"i think its about the understanding of social media users feedback","no feedback to give","Instagram","B1-2","B1","B","engage","education",81,"gen-x",69,"Male",78,20,27,17,88,76,75,20,"this image informs and educate using detil visuals and number",2.47,"engage","news",91,"gen-x",80,"Male",84,10,19,20,92,91,90,12,"my answers did not change and it did not because the numbers on reinforced my initial decisions",1.67,"1"
"69","R_6sztunJID4Cs9fB","PROLIFIC","1","R_6sztunJID4Cs9fB","66e70629ea7dab78f439f069","67c8a59172f0b48d4c66297d","67c9db9488968c11fcaf42d5","COMPLETE","2025-03-06 10:31:59","IP Address",100,TRUE,,"MAG_S4_PROLIFIC_GENERAL_B1","MAG_S2_PROLIFIC_GENERAL_1_STUDY4_PREPOST","https://mit.co1.qualtrics.com/jfe/form/SV_5A9sxhbPrtLwG58","Prolific-study4","GENERAL","Study4",2073,34.55,"Chrome","Macintosh","male","Male",,"Black or African American","grad","graduate or professional degree","Working full-time","$100,000-$149,999","IT Specialist","29607","45-54","Democrat",,23,25,"btwn-50-75","IT",,"Twitter,Instagram,LinkedIn,TikTok",,"i think its about the understanding of social media users feedback","no feedback to give","Instagram","B1-3","B1","C","engage","business",93,"millennial",86,"Male",92,2,2,40,95,94,95,2,"the image above is so visually pleasing and explanatory that it has all the answers above",1.51,"engage","business",100,"millennial",96,"Male",98,2,1,39,95,94,98,1,"my answers did not change because the data only reinforced my answers",1.3,"2"
"70","R_6sztunJID4Cs9fB","PROLIFIC","1","R_6sztunJID4Cs9fB","66e70629ea7dab78f439f069","67c8a59172f0b48d4c66297d","67c9db9488968c11fcaf42d5","COMPLETE","2025-03-06 10:31:59","IP Address",100,TRUE,,"MAG_S4_PROLIFIC_GENERAL_B1","MAG_S2_PROLIFIC_GENERAL_1_STUDY4_PREPOST","https://mit.co1.qualtrics.com/jfe/form/SV_5A9sxhbPrtLwG58","Prolific-study4","GENERAL","Study4",2073,34.55,"Chrome","Macintosh","male","Male",,"Black or African American","grad","graduate or professional degree","Working full-time","$100,000-$149,999","IT Specialist","29607","45-54","Democrat",,23,25,"btwn-50-75","IT",,"Twitter,Instagram,LinkedIn,TikTok",,"i think its about the understanding of social media users feedback","no feedback to give","Instagram","B1-4","B1","D","engage","political",60,"millennial",75,"Male",71,31,27,30,33,69,77,66,"the image is a persuasive image looking like a document govt will use",1.83,"engage","political",83,"millennial",89,"Male",77,21,25,21,27,76,81,76,"nothing change in the image to change my opinion",0.85,"4"
"71","R_5htDl6TU8QrF1zZ","PROLIFIC","1","R_5htDl6TU8QrF1zZ","666259fa39f9c1be10ab1a31","67c8a59172f0b48d4c66297d","67c9d7b5b86cfa7e2c69f43f","COMPLETE","2025-03-06 10:14:14","IP Address",100,TRUE,,"MAG_S4_PROLIFIC_GENERAL_B1","MAG_S2_PROLIFIC_GENERAL_1_STUDY4_PREPOST","https://mit.co1.qualtrics.com/jfe/form/SV_5A9sxhbPrtLwG58","Prolific-study4","GENERAL","Study4",4873,81.22,"Chrome","Windows NT 10.0","male","Male",,"Black or African American","ugrad","undergradudate degree","Working full-time","$100,000-$149,999","Senior Manager","27705","18-24","Republican",,14,46,"more-75","Account-Management,Healthcare-Professional",,"Instagram",,"Social media visualisation",,"Instagram","B0-0","B0","F","scroll","political",57,"gen-z",61,"Male",61,65,59,74,64,78,68,74,"Trees rationality",9.48,"scroll","business",68,"boomer",66,"Male",66,67,35,68,70,72,34,74,"By checking at the graph provided and interpreting it",6.48,
"72","R_5htDl6TU8QrF1zZ","PROLIFIC","1","R_5htDl6TU8QrF1zZ","666259fa39f9c1be10ab1a31","67c8a59172f0b48d4c66297d","67c9d7b5b86cfa7e2c69f43f","COMPLETE","2025-03-06 10:14:14","IP Address",100,TRUE,,"MAG_S4_PROLIFIC_GENERAL_B1","MAG_S2_PROLIFIC_GENERAL_1_STUDY4_PREPOST","https://mit.co1.qualtrics.com/jfe/form/SV_5A9sxhbPrtLwG58","Prolific-study4","GENERAL","Study4",4873,81.22,"Chrome","Windows NT 10.0","male","Male",,"Black or African American","ugrad","undergradudate degree","Working full-time","$100,000-$149,999","Senior Manager","27705","18-24","Republican",,14,46,"more-75","Account-Management,Healthcare-Professional",,"Instagram",,"Social media visualisation",,"Instagram","B1-1","B1","A","scroll","news",82,"gen-x",60,"Female",63,69,79,41,67,65,71,71,"The image describes behaviors of a woman",1.93,"scroll","education",63,"gen-x",63,"Male",68,71,65,67,38,63,67,69,"I changed because of the spices",0.97,"3"
"73","R_5htDl6TU8QrF1zZ","PROLIFIC","1","R_5htDl6TU8QrF1zZ","666259fa39f9c1be10ab1a31","67c8a59172f0b48d4c66297d","67c9d7b5b86cfa7e2c69f43f","COMPLETE","2025-03-06 10:14:14","IP Address",100,TRUE,,"MAG_S4_PROLIFIC_GENERAL_B1","MAG_S2_PROLIFIC_GENERAL_1_STUDY4_PREPOST","https://mit.co1.qualtrics.com/jfe/form/SV_5A9sxhbPrtLwG58","Prolific-study4","GENERAL","Study4",4873,81.22,"Chrome","Windows NT 10.0","male","Male",,"Black or African American","ugrad","undergradudate degree","Working full-time","$100,000-$149,999","Senior Manager","27705","18-24","Republican",,14,46,"more-75","Account-Management,Healthcare-Professional",,"Instagram",,"Social media visualisation",,"Instagram","B1-2","B1","B","scroll","political",62,"millennial",60,"Female",83,71,71,69,38,71,38,74,"It about the heading of the image",2.27,"scroll","political",64,"gen-x",62,"Male",68,64,66,59,66,56,32,63,"PI made no changes",0.59,"4"
"74","R_5htDl6TU8QrF1zZ","PROLIFIC","1","R_5htDl6TU8QrF1zZ","666259fa39f9c1be10ab1a31","67c8a59172f0b48d4c66297d","67c9d7b5b86cfa7e2c69f43f","COMPLETE","2025-03-06 10:14:14","IP Address",100,TRUE,,"MAG_S4_PROLIFIC_GENERAL_B1","MAG_S2_PROLIFIC_GENERAL_1_STUDY4_PREPOST","https://mit.co1.qualtrics.com/jfe/form/SV_5A9sxhbPrtLwG58","Prolific-study4","GENERAL","Study4",4873,81.22,"Chrome","Windows NT 10.0","male","Male",,"Black or African American","ugrad","undergradudate degree","Working full-time","$100,000-$149,999","Senior Manager","27705","18-24","Republican",,14,46,"more-75","Account-Management,Healthcare-Professional",,"Instagram",,"Social media visualisation",,"Instagram","B1-3","B1","C","engage","business",78,"boomer",68,"Male",62,74,29,79,66,67,74,73,"Describes Data Visualization",18.51,"engage","business",61,"gen-x",72,"Male",64,64,76,83,38,59,66,70,"I analysed the graph and judged it with the description provided",1.72,"1"
"75","R_5htDl6TU8QrF1zZ","PROLIFIC","1","R_5htDl6TU8QrF1zZ","666259fa39f9c1be10ab1a31","67c8a59172f0b48d4c66297d","67c9d7b5b86cfa7e2c69f43f","COMPLETE","2025-03-06 10:14:14","IP Address",100,TRUE,,"MAG_S4_PROLIFIC_GENERAL_B1","MAG_S2_PROLIFIC_GENERAL_1_STUDY4_PREPOST","https://mit.co1.qualtrics.com/jfe/form/SV_5A9sxhbPrtLwG58","Prolific-study4","GENERAL","Study4",4873,81.22,"Chrome","Windows NT 10.0","male","Male",,"Black or African American","ugrad","undergradudate degree","Working full-time","$100,000-$149,999","Senior Manager","27705","18-24","Republican",,14,46,"more-75","Account-Management,Healthcare-Professional",,"Instagram",,"Social media visualisation",,"Instagram","B1-4","B1","D","scroll","news",66,"gen-x",36,"Male",64,63,74,65,60,72,72,71,"Its an advertisement",4.83,"scroll","business",67,"boomer",77,"Male",68,64,62,39,66,62,62,62,"They did not change",1.15,"2"
