"","PID","duration.min","Assigned.Block","Sample","Study","Distribution","PLATFORM","D_gender_collapsed","D_gender","D_gender_4_TEXT","D_race","D_education_collapsed","D_education","D_employmentStatus","D_income","D_work_detail","D_zipcode","D_age","D_politicalParty","D_politicalParty_OTHER","D_politicsSocial","D_politicsFiscal","QUESTION","PRE_B0-0","PRE_B1-1","PRE_B1-2","PRE_B1-3","PRE_B1-4","POST_B0-0","POST_B1-1","POST_B1-2","POST_B1-3","POST_B1-4"
"1","R_7vxZsjlNPufyJix",34.45,"1","GENERAL","Study4","PROLIFIC","Twitter/X","other","Non-binary / third gender",,"White or Caucasian","ugrad","undergradudate degree","Other","Prefer not to say","Prefer not to say","28081","25-34","Independent",,0,0,"DESIGN",88,98,3,100,100,100,100,0,100,100
"2","R_7vxZsjlNPufyJix",34.45,"1","GENERAL","Study4","PROLIFIC","Twitter/X","other","Non-binary / third gender",,"White or Caucasian","ugrad","undergradudate degree","Other","Prefer not to say","Prefer not to say","28081","25-34","Independent",,0,0,"DATA",21,22,2,100,85,7,40,0,100,100
"3","R_7vxZsjlNPufyJix",34.45,"1","GENERAL","Study4","PROLIFIC","Twitter/X","other","Non-binary / third gender",,"White or Caucasian","ugrad","undergradudate degree","Other","Prefer not to say","Prefer not to say","28081","25-34","Independent",,0,0,"POLITICS",50,56,50,89,67,27,52,50,93,83
"4","R_7vxZsjlNPufyJix",34.45,"1","GENERAL","Study4","PROLIFIC","Twitter/X","other","Non-binary / third gender",,"White or Caucasian","ugrad","undergradudate degree","Other","Prefer not to say","Prefer not to say","28081","25-34","Independent",,0,0,"TRUST",50,50,82,0,21,60,50,84,0,3
"5","R_7vxZsjlNPufyJix",34.45,"1","GENERAL","Study4","PROLIFIC","Twitter/X","other","Non-binary / third gender",,"White or Caucasian","ugrad","undergradudate degree","Other","Prefer not to say","Prefer not to say","28081","25-34","Independent",,0,0,"ALIGN",56,50,50,0,9,75,50,50,0,1
"6","R_7vxZsjlNPufyJix",34.45,"1","GENERAL","Study4","PROLIFIC","Twitter/X","other","Non-binary / third gender",,"White or Caucasian","ugrad","undergradudate degree","Other","Prefer not to say","Prefer not to say","28081","25-34","Independent",,0,0,"BEAUTY",23,0,74,0,0,11,0,83,0,0
"7","R_7vxZsjlNPufyJix",34.45,"1","GENERAL","Study4","PROLIFIC","Twitter/X","other","Non-binary / third gender",,"White or Caucasian","ugrad","undergradudate degree","Other","Prefer not to say","Prefer not to say","28081","25-34","Independent",,0,0,"INTENT",15,3,6,100,82,5,0,0,100,100
"8","R_79gTK9yfsRmhfeV",52.52,"1","GENERAL","Study4","PROLIFIC","Facebook","female","Female",,"White or Caucasian,American Indian/Native American or Alaska Native","ugrad","associates or technical degree","Retired","Less than $25,000","Retired","32566","55-64","Republican",,95,100,"DESIGN",90,51,30,51,50,90,50,55,51,48
"9","R_79gTK9yfsRmhfeV",52.52,"1","GENERAL","Study4","PROLIFIC","Facebook","female","Female",,"White or Caucasian,American Indian/Native American or Alaska Native","ugrad","associates or technical degree","Retired","Less than $25,000","Retired","32566","55-64","Republican",,95,100,"DATA",70,51,35,51,47,75,55,70,51,48
"10","R_79gTK9yfsRmhfeV",52.52,"1","GENERAL","Study4","PROLIFIC","Facebook","female","Female",,"White or Caucasian,American Indian/Native American or Alaska Native","ugrad","associates or technical degree","Retired","Less than $25,000","Retired","32566","55-64","Republican",,95,100,"POLITICS",41,48,50,34,51,35,48,35,49,54
"11","R_79gTK9yfsRmhfeV",52.52,"1","GENERAL","Study4","PROLIFIC","Facebook","female","Female",,"White or Caucasian,American Indian/Native American or Alaska Native","ugrad","associates or technical degree","Retired","Less than $25,000","Retired","32566","55-64","Republican",,95,100,"TRUST",51,49,50,48,51,51,50,50,51,51
"12","R_79gTK9yfsRmhfeV",52.52,"1","GENERAL","Study4","PROLIFIC","Facebook","female","Female",,"White or Caucasian,American Indian/Native American or Alaska Native","ugrad","associates or technical degree","Retired","Less than $25,000","Retired","32566","55-64","Republican",,95,100,"ALIGN",49,47,50,18,51,49,47,20,32,51
"13","R_79gTK9yfsRmhfeV",52.52,"1","GENERAL","Study4","PROLIFIC","Facebook","female","Female",,"White or Caucasian,American Indian/Native American or Alaska Native","ugrad","associates or technical degree","Retired","Less than $25,000","Retired","32566","55-64","Republican",,95,100,"BEAUTY",17,28,77,0,40,14,17,80,0,10
"14","R_79gTK9yfsRmhfeV",52.52,"1","GENERAL","Study4","PROLIFIC","Facebook","female","Female",,"White or Caucasian,American Indian/Native American or Alaska Native","ugrad","associates or technical degree","Retired","Less than $25,000","Retired","32566","55-64","Republican",,95,100,"INTENT",65,34,25,59,47,65,16,95,51,18
"15","R_1I0iHRdAtslLyCK",17.72,"1","GENERAL","Study4","PROLIFIC","Facebook","female","Female",,"White or Caucasian","hs_or_less","high school diploma or GED ","Working full-time","Less than $25,000","Receptionist","46219","25-34","Independent",,77,69,"DESIGN",83,19,61,64,22,83,34,12,15,8
"16","R_1I0iHRdAtslLyCK",17.72,"1","GENERAL","Study4","PROLIFIC","Facebook","female","Female",,"White or Caucasian","hs_or_less","high school diploma or GED ","Working full-time","Less than $25,000","Receptionist","46219","25-34","Independent",,77,69,"DATA",77,19,57,53,11,80,26,11,12,6
"17","R_1I0iHRdAtslLyCK",17.72,"1","GENERAL","Study4","PROLIFIC","Facebook","female","Female",,"White or Caucasian","hs_or_less","high school diploma or GED ","Working full-time","Less than $25,000","Receptionist","46219","25-34","Independent",,77,69,"POLITICS",65,12,68,100,19,84,22,74,16,23
"18","R_1I0iHRdAtslLyCK",17.72,"1","GENERAL","Study4","PROLIFIC","Facebook","female","Female",,"White or Caucasian","hs_or_less","high school diploma or GED ","Working full-time","Less than $25,000","Receptionist","46219","25-34","Independent",,77,69,"TRUST",90,17,61,78,90,73,76,90,20,90
"19","R_1I0iHRdAtslLyCK",17.72,"1","GENERAL","Study4","PROLIFIC","Facebook","female","Female",,"White or Caucasian","hs_or_less","high school diploma or GED ","Working full-time","Less than $25,000","Receptionist","46219","25-34","Independent",,77,69,"ALIGN",80,11,61,91,86,86,100,100,84,90
"20","R_1I0iHRdAtslLyCK",17.72,"1","GENERAL","Study4","PROLIFIC","Facebook","female","Female",,"White or Caucasian","hs_or_less","high school diploma or GED ","Working full-time","Less than $25,000","Receptionist","46219","25-34","Independent",,77,69,"BEAUTY",78,19,63,86,19,92,90,96,74,21
"21","R_1I0iHRdAtslLyCK",17.72,"1","GENERAL","Study4","PROLIFIC","Facebook","female","Female",,"White or Caucasian","hs_or_less","high school diploma or GED ","Working full-time","Less than $25,000","Receptionist","46219","25-34","Independent",,77,69,"INTENT",77,20,64,84,93,83,100,99,91,100
"22","R_38fhVE1dC3HsMKZ",30.52,"1","GENERAL","Study4","PROLIFIC","Twitter/X","male","Male",,"White or Caucasian","hs_or_less","high school diploma or GED ","Working full-time","$75,000-$99,999","Office Manager","97224","55-64","Democrat",,8,8,"DESIGN",68,33,66,17,34,55,16,51,24,15
"23","R_38fhVE1dC3HsMKZ",30.52,"1","GENERAL","Study4","PROLIFIC","Twitter/X","male","Male",,"White or Caucasian","hs_or_less","high school diploma or GED ","Working full-time","$75,000-$99,999","Office Manager","97224","55-64","Democrat",,8,8,"DATA",67,33,49,15,35,55,14,48,24,20
"24","R_38fhVE1dC3HsMKZ",30.52,"1","GENERAL","Study4","PROLIFIC","Twitter/X","male","Male",,"White or Caucasian","hs_or_less","high school diploma or GED ","Working full-time","$75,000-$99,999","Office Manager","97224","55-64","Democrat",,8,8,"POLITICS",16,68,66,57,19,12,50,11,0,34
"25","R_38fhVE1dC3HsMKZ",30.52,"1","GENERAL","Study4","PROLIFIC","Twitter/X","male","Male",,"White or Caucasian","hs_or_less","high school diploma or GED ","Working full-time","$75,000-$99,999","Office Manager","97224","55-64","Democrat",,8,8,"TRUST",64,56,66,67,82,90,54,82,77,81
"26","R_38fhVE1dC3HsMKZ",30.52,"1","GENERAL","Study4","PROLIFIC","Twitter/X","male","Male",,"White or Caucasian","hs_or_less","high school diploma or GED ","Working full-time","$75,000-$99,999","Office Manager","97224","55-64","Democrat",,8,8,"ALIGN",68,50,50,71,81,90,50,79,100,74
"27","R_38fhVE1dC3HsMKZ",30.52,"1","GENERAL","Study4","PROLIFIC","Twitter/X","male","Male",,"White or Caucasian","hs_or_less","high school diploma or GED ","Working full-time","$75,000-$99,999","Office Manager","97224","55-64","Democrat",,8,8,"BEAUTY",12,14,34,61,42,28,0,12,56,44
"28","R_38fhVE1dC3HsMKZ",30.52,"1","GENERAL","Study4","PROLIFIC","Twitter/X","male","Male",,"White or Caucasian","hs_or_less","high school diploma or GED ","Working full-time","$75,000-$99,999","Office Manager","97224","55-64","Democrat",,8,8,"INTENT",9,19,18,71,0,0,0,59,0,11
"29","R_7rAgHR9m2QCXLBe",26.97,"1","GENERAL","Study4","PROLIFIC","Facebook","female","Female",,"White or Caucasian","ugrad","some college","Working full-time","$50,000-$74,999","Associate","34474","25-34","Republican",,100,100,"DESIGN",28,0,0,100,25,30,90,0,100,25
"30","R_7rAgHR9m2QCXLBe",26.97,"1","GENERAL","Study4","PROLIFIC","Facebook","female","Female",,"White or Caucasian","ugrad","some college","Working full-time","$50,000-$74,999","Associate","34474","25-34","Republican",,100,100,"DATA",0,0,0,100,18,0,90,0,100,18
"31","R_7rAgHR9m2QCXLBe",26.97,"1","GENERAL","Study4","PROLIFIC","Facebook","female","Female",,"White or Caucasian","ugrad","some college","Working full-time","$50,000-$74,999","Associate","34474","25-34","Republican",,100,100,"POLITICS",55,52,49,0,61,0,52,62,0,61
"32","R_7rAgHR9m2QCXLBe",26.97,"1","GENERAL","Study4","PROLIFIC","Facebook","female","Female",,"White or Caucasian","ugrad","some college","Working full-time","$50,000-$74,999","Associate","34474","25-34","Republican",,100,100,"TRUST",75,51,100,0,56,50,100,59,0,100
"33","R_7rAgHR9m2QCXLBe",26.97,"1","GENERAL","Study4","PROLIFIC","Facebook","female","Female",,"White or Caucasian","ugrad","some college","Working full-time","$50,000-$74,999","Associate","34474","25-34","Republican",,100,100,"ALIGN",50,51,50,0,54,20,52,59,0,54
"34","R_7rAgHR9m2QCXLBe",26.97,"1","GENERAL","Study4","PROLIFIC","Facebook","female","Female",,"White or Caucasian","ugrad","some college","Working full-time","$50,000-$74,999","Associate","34474","25-34","Republican",,100,100,"BEAUTY",55,100,45,100,0,55,100,36,100,0
"35","R_7rAgHR9m2QCXLBe",26.97,"1","GENERAL","Study4","PROLIFIC","Facebook","female","Female",,"White or Caucasian","ugrad","some college","Working full-time","$50,000-$74,999","Associate","34474","25-34","Republican",,100,100,"INTENT",70,0,0,100,100,20,0,0,100,100
"36","R_7plun3cs3qaurHF",33.48,"1","GENERAL","Study4","PROLIFIC","Twitter/X","male","Male",,"White or Caucasian","hs_or_less","high school diploma or GED ","Working part-time","$25,000-$49,999","manufacturing","48131","35-44","Republican",,70,55,"DESIGN",33,57,41,45,38,49,55,50,44,43
"37","R_7plun3cs3qaurHF",33.48,"1","GENERAL","Study4","PROLIFIC","Twitter/X","male","Male",,"White or Caucasian","hs_or_less","high school diploma or GED ","Working part-time","$25,000-$49,999","manufacturing","48131","35-44","Republican",,70,55,"DATA",41,56,25,55,56,47,57,34,96,56
"38","R_7plun3cs3qaurHF",33.48,"1","GENERAL","Study4","PROLIFIC","Twitter/X","male","Male",,"White or Caucasian","hs_or_less","high school diploma or GED ","Working part-time","$25,000-$49,999","manufacturing","48131","35-44","Republican",,70,55,"POLITICS",30,51,51,65,35,43,41,43,0,6
"39","R_7plun3cs3qaurHF",33.48,"1","GENERAL","Study4","PROLIFIC","Twitter/X","male","Male",,"White or Caucasian","hs_or_less","high school diploma or GED ","Working part-time","$25,000-$49,999","manufacturing","48131","35-44","Republican",,70,55,"TRUST",39,55,56,53,46,39,52,56,5,29
"40","R_7plun3cs3qaurHF",33.48,"1","GENERAL","Study4","PROLIFIC","Twitter/X","male","Male",,"White or Caucasian","hs_or_less","high school diploma or GED ","Working part-time","$25,000-$49,999","manufacturing","48131","35-44","Republican",,70,55,"ALIGN",34,54,52,55,19,54,47,30,7,17
"41","R_7plun3cs3qaurHF",33.48,"1","GENERAL","Study4","PROLIFIC","Twitter/X","male","Male",,"White or Caucasian","hs_or_less","high school diploma or GED ","Working part-time","$25,000-$49,999","manufacturing","48131","35-44","Republican",,70,55,"BEAUTY",6,33,54,69,46,11,17,53,60,47
"42","R_7plun3cs3qaurHF",33.48,"1","GENERAL","Study4","PROLIFIC","Twitter/X","male","Male",,"White or Caucasian","hs_or_less","high school diploma or GED ","Working part-time","$25,000-$49,999","manufacturing","48131","35-44","Republican",,70,55,"INTENT",35,43,37,60,69,37,44,31,100,58
"43","R_1tllC65FM331Hu0",35.87,"1","GENERAL","Study4","PROLIFIC","Facebook","female","Female",,"White or Caucasian,Asian","ugrad","associates or technical degree","Retired","$25,000-$49,999","retired","40342","55-64","Democrat",,41,45,"DESIGN",100,0,42,31,36,37,70,42,9,16
"44","R_1tllC65FM331Hu0",35.87,"1","GENERAL","Study4","PROLIFIC","Facebook","female","Female",,"White or Caucasian,Asian","ugrad","associates or technical degree","Retired","$25,000-$49,999","retired","40342","55-64","Democrat",,41,45,"DATA",100,0,44,27,39,66,77,42,10,14
"45","R_1tllC65FM331Hu0",35.87,"1","GENERAL","Study4","PROLIFIC","Facebook","female","Female",,"White or Caucasian,Asian","ugrad","associates or technical degree","Retired","$25,000-$49,999","retired","40342","55-64","Democrat",,41,45,"POLITICS",50,80,51,100,31,23,51,45,27,25
"46","R_1tllC65FM331Hu0",35.87,"1","GENERAL","Study4","PROLIFIC","Facebook","female","Female",,"White or Caucasian,Asian","ugrad","associates or technical degree","Retired","$25,000-$49,999","retired","40342","55-64","Democrat",,41,45,"TRUST",51,27,51,0,83,82,51,94,100,51
"47","R_1tllC65FM331Hu0",35.87,"1","GENERAL","Study4","PROLIFIC","Facebook","female","Female",,"White or Caucasian,Asian","ugrad","associates or technical degree","Retired","$25,000-$49,999","retired","40342","55-64","Democrat",,41,45,"ALIGN",51,51,51,0,51,82,51,93,100,51
"48","R_1tllC65FM331Hu0",35.87,"1","GENERAL","Study4","PROLIFIC","Facebook","female","Female",,"White or Caucasian,Asian","ugrad","associates or technical degree","Retired","$25,000-$49,999","retired","40342","55-64","Democrat",,41,45,"BEAUTY",60,0,0,38,11,64,0,0,32,22
"49","R_1tllC65FM331Hu0",35.87,"1","GENERAL","Study4","PROLIFIC","Facebook","female","Female",,"White or Caucasian,Asian","ugrad","associates or technical degree","Retired","$25,000-$49,999","retired","40342","55-64","Democrat",,41,45,"INTENT",51,0,51,100,0,0,0,0,100,0
"50","R_5QrCKYHt51qQEXO",38.78,"1","GENERAL","Study4","PROLIFIC","Facebook","female","Female",,"Black or African American","grad","graduate or professional degree","Working full-time","$100,000-$149,999","Credit Reporting Supervisor","36609","45-54","Independent",,39,36,"DESIGN",83,18,32,21,21,79,18,17,13,32
"51","R_5QrCKYHt51qQEXO",38.78,"1","GENERAL","Study4","PROLIFIC","Facebook","female","Female",,"Black or African American","grad","graduate or professional degree","Working full-time","$100,000-$149,999","Credit Reporting Supervisor","36609","45-54","Independent",,39,36,"DATA",21,37,19,21,20,13,23,17,15,22
"52","R_5QrCKYHt51qQEXO",38.78,"1","GENERAL","Study4","PROLIFIC","Facebook","female","Female",,"Black or African American","grad","graduate or professional degree","Working full-time","$100,000-$149,999","Credit Reporting Supervisor","36609","45-54","Independent",,39,36,"POLITICS",50,50,53,50,50,50,51,39,20,50
"53","R_5QrCKYHt51qQEXO",38.78,"1","GENERAL","Study4","PROLIFIC","Facebook","female","Female",,"Black or African American","grad","graduate or professional degree","Working full-time","$100,000-$149,999","Credit Reporting Supervisor","36609","45-54","Independent",,39,36,"TRUST",50,50,69,30,54,50,78,50,25,39
"54","R_5QrCKYHt51qQEXO",38.78,"1","GENERAL","Study4","PROLIFIC","Facebook","female","Female",,"Black or African American","grad","graduate or professional degree","Working full-time","$100,000-$149,999","Credit Reporting Supervisor","36609","45-54","Independent",,39,36,"ALIGN",50,50,50,57,50,50,50,50,100,54
"55","R_5QrCKYHt51qQEXO",38.78,"1","GENERAL","Study4","PROLIFIC","Facebook","female","Female",,"Black or African American","grad","graduate or professional degree","Working full-time","$100,000-$149,999","Credit Reporting Supervisor","36609","45-54","Independent",,39,36,"BEAUTY",50,89,59,77,28,30,93,33,86,21
"56","R_5QrCKYHt51qQEXO",38.78,"1","GENERAL","Study4","PROLIFIC","Facebook","female","Female",,"Black or African American","grad","graduate or professional degree","Working full-time","$100,000-$149,999","Credit Reporting Supervisor","36609","45-54","Independent",,39,36,"INTENT",64,14,13,77,12,50,15,10,100,78
"57","R_3vc1IVl1UMrAopj",63.75,"1","GENERAL","Study4","PROLIFIC","Facebook","male","Male",,"White or Caucasian","ugrad","associates or technical degree","Working part-time","Less than $25,000","Fast Food Crew, only 20 months to early retirement, so it's a low stress way to pay the bills.","37874","55-64","Independent",,0,0,"DESIGN",94,46,40,94,32,94,45,40,91,32
"58","R_3vc1IVl1UMrAopj",63.75,"1","GENERAL","Study4","PROLIFIC","Facebook","male","Male",,"White or Caucasian","ugrad","associates or technical degree","Working part-time","Less than $25,000","Fast Food Crew, only 20 months to early retirement, so it's a low stress way to pay the bills.","37874","55-64","Independent",,0,0,"DATA",51,46,40,89,32,51,45,35,45,32
"59","R_3vc1IVl1UMrAopj",63.75,"1","GENERAL","Study4","PROLIFIC","Facebook","male","Male",,"White or Caucasian","ugrad","associates or technical degree","Working part-time","Less than $25,000","Fast Food Crew, only 20 months to early retirement, so it's a low stress way to pay the bills.","37874","55-64","Independent",,0,0,"POLITICS",49,50,50,99,50,49,50,34,0,50
"60","R_3vc1IVl1UMrAopj",63.75,"1","GENERAL","Study4","PROLIFIC","Facebook","male","Male",,"White or Caucasian","ugrad","associates or technical degree","Working part-time","Less than $25,000","Fast Food Crew, only 20 months to early retirement, so it's a low stress way to pay the bills.","37874","55-64","Independent",,0,0,"TRUST",27,50,50,1,50,27,50,54,97,50
"61","R_3vc1IVl1UMrAopj",63.75,"1","GENERAL","Study4","PROLIFIC","Facebook","male","Male",,"White or Caucasian","ugrad","associates or technical degree","Working part-time","Less than $25,000","Fast Food Crew, only 20 months to early retirement, so it's a low stress way to pay the bills.","37874","55-64","Independent",,0,0,"ALIGN",51,50,50,1,50,51,50,56,100,50
"62","R_3vc1IVl1UMrAopj",63.75,"1","GENERAL","Study4","PROLIFIC","Facebook","male","Male",,"White or Caucasian","ugrad","associates or technical degree","Working part-time","Less than $25,000","Fast Food Crew, only 20 months to early retirement, so it's a low stress way to pay the bills.","37874","55-64","Independent",,0,0,"BEAUTY",20,38,25,0,19,20,38,26,1,19
"63","R_3vc1IVl1UMrAopj",63.75,"1","GENERAL","Study4","PROLIFIC","Facebook","male","Male",,"White or Caucasian","ugrad","associates or technical degree","Working part-time","Less than $25,000","Fast Food Crew, only 20 months to early retirement, so it's a low stress way to pay the bills.","37874","55-64","Independent",,0,0,"INTENT",75,50,50,98,63,75,14,23,37,63
"64","R_1NTQKVdgM8CmNO1",22.58,"1","GENERAL","Study4","PROLIFIC","Facebook","female","Female",,"White or Caucasian","ugrad","undergradudate degree","Working full-time","$150,000 or more","bank controller","44133","45-54","Republican",,57,57,"DESIGN",30,51,88,21,83,22,85,82,24,79
"65","R_1NTQKVdgM8CmNO1",22.58,"1","GENERAL","Study4","PROLIFIC","Facebook","female","Female",,"White or Caucasian","ugrad","undergradudate degree","Working full-time","$150,000 or more","bank controller","44133","45-54","Republican",,57,57,"DATA",23,74,79,21,85,21,82,81,25,86
"66","R_1NTQKVdgM8CmNO1",22.58,"1","GENERAL","Study4","PROLIFIC","Facebook","female","Female",,"White or Caucasian","ugrad","undergradudate degree","Working full-time","$150,000 or more","bank controller","44133","45-54","Republican",,57,57,"POLITICS",51,51,51,51,51,51,51,51,51,51
"67","R_1NTQKVdgM8CmNO1",22.58,"1","GENERAL","Study4","PROLIFIC","Facebook","female","Female",,"White or Caucasian","ugrad","undergradudate degree","Working full-time","$150,000 or more","bank controller","44133","45-54","Republican",,57,57,"TRUST",75,65,58,35,69,86,85,57,13,67
"68","R_1NTQKVdgM8CmNO1",22.58,"1","GENERAL","Study4","PROLIFIC","Facebook","female","Female",,"White or Caucasian","ugrad","undergradudate degree","Working full-time","$150,000 or more","bank controller","44133","45-54","Republican",,57,57,"ALIGN",80,51,51,55,51,81,85,51,27,39
"69","R_1NTQKVdgM8CmNO1",22.58,"1","GENERAL","Study4","PROLIFIC","Facebook","female","Female",,"White or Caucasian","ugrad","undergradudate degree","Working full-time","$150,000 or more","bank controller","44133","45-54","Republican",,57,57,"BEAUTY",62,75,37,41,69,51,51,32,27,19
"70","R_1NTQKVdgM8CmNO1",22.58,"1","GENERAL","Study4","PROLIFIC","Facebook","female","Female",,"White or Caucasian","ugrad","undergradudate degree","Working full-time","$150,000 or more","bank controller","44133","45-54","Republican",,57,57,"INTENT",10,8,3,51,7,14,10,15,67,7
"71","R_3hH2y8Xn2WdtjbS",29.77,"1","GENERAL","Study4","PROLIFIC","Twitter/X","male","Male",,"White or Caucasian","ugrad","associates or technical degree","Retired","$25,000-$49,999","retired","27103","65+ years","Independent",,24,24,"DESIGN",42,20,23,25,21,44,12,16,18,20
"72","R_3hH2y8Xn2WdtjbS",29.77,"1","GENERAL","Study4","PROLIFIC","Twitter/X","male","Male",,"White or Caucasian","ugrad","associates or technical degree","Retired","$25,000-$49,999","retired","27103","65+ years","Independent",,24,24,"DATA",71,20,27,26,24,59,17,17,20,21
"73","R_3hH2y8Xn2WdtjbS",29.77,"1","GENERAL","Study4","PROLIFIC","Twitter/X","male","Male",,"White or Caucasian","ugrad","associates or technical degree","Retired","$25,000-$49,999","retired","27103","65+ years","Independent",,24,24,"POLITICS",48,51,51,76,21,28,51,21,11,53
"74","R_3hH2y8Xn2WdtjbS",29.77,"1","GENERAL","Study4","PROLIFIC","Twitter/X","male","Male",,"White or Caucasian","ugrad","associates or technical degree","Retired","$25,000-$49,999","retired","27103","65+ years","Independent",,24,24,"TRUST",48,51,51,51,81,74,86,81,81,90
"75","R_3hH2y8Xn2WdtjbS",29.77,"1","GENERAL","Study4","PROLIFIC","Twitter/X","male","Male",,"White or Caucasian","ugrad","associates or technical degree","Retired","$25,000-$49,999","retired","27103","65+ years","Independent",,24,24,"ALIGN",57,51,51,22,77,77,51,87,90,52
"76","R_3hH2y8Xn2WdtjbS",29.77,"1","GENERAL","Study4","PROLIFIC","Twitter/X","male","Male",,"White or Caucasian","ugrad","associates or technical degree","Retired","$25,000-$49,999","retired","27103","65+ years","Independent",,24,24,"BEAUTY",66,79,80,60,76,74,81,83,82,77
"77","R_3hH2y8Xn2WdtjbS",29.77,"1","GENERAL","Study4","PROLIFIC","Twitter/X","male","Male",,"White or Caucasian","ugrad","associates or technical degree","Retired","$25,000-$49,999","retired","27103","65+ years","Independent",,24,24,"INTENT",75,79,17,81,76,76,10,17,12,10
"78","R_36lsPCIUrHD1d6y",71.7,"1","GENERAL","Study4","PROLIFIC","Instagram","female","Female",,"White or Caucasian","ugrad","undergradudate degree","Working full-time","$50,000-$74,999","I am an operations manager in a wholesale trade company.","19444","45-54","Republican",,51,64,"DESIGN",26,21,33,20,58,81,15,24,14,36
"79","R_36lsPCIUrHD1d6y",71.7,"1","GENERAL","Study4","PROLIFIC","Instagram","female","Female",,"White or Caucasian","ugrad","undergradudate degree","Working full-time","$50,000-$74,999","I am an operations manager in a wholesale trade company.","19444","45-54","Republican",,51,64,"DATA",19,21,40,23,65,78,14,24,14,33
"80","R_36lsPCIUrHD1d6y",71.7,"1","GENERAL","Study4","PROLIFIC","Instagram","female","Female",,"White or Caucasian","ugrad","undergradudate degree","Working full-time","$50,000-$74,999","I am an operations manager in a wholesale trade company.","19444","45-54","Republican",,51,64,"POLITICS",84,75,44,56,42,71,42,23,3,33
"81","R_36lsPCIUrHD1d6y",71.7,"1","GENERAL","Study4","PROLIFIC","Instagram","female","Female",,"White or Caucasian","ugrad","undergradudate degree","Working full-time","$50,000-$74,999","I am an operations manager in a wholesale trade company.","19444","45-54","Republican",,51,64,"TRUST",78,75,60,77,57,83,85,55,30,79
"82","R_36lsPCIUrHD1d6y",71.7,"1","GENERAL","Study4","PROLIFIC","Instagram","female","Female",,"White or Caucasian","ugrad","undergradudate degree","Working full-time","$50,000-$74,999","I am an operations manager in a wholesale trade company.","19444","45-54","Republican",,51,64,"ALIGN",72,71,62,82,57,76,82,42,19,86
"83","R_36lsPCIUrHD1d6y",71.7,"1","GENERAL","Study4","PROLIFIC","Instagram","female","Female",,"White or Caucasian","ugrad","undergradudate degree","Working full-time","$50,000-$74,999","I am an operations manager in a wholesale trade company.","19444","45-54","Republican",,51,64,"BEAUTY",62,72,26,88,72,64,79,34,73,77
"84","R_36lsPCIUrHD1d6y",71.7,"1","GENERAL","Study4","PROLIFIC","Instagram","female","Female",,"White or Caucasian","ugrad","undergradudate degree","Working full-time","$50,000-$74,999","I am an operations manager in a wholesale trade company.","19444","45-54","Republican",,51,64,"INTENT",28,17,61,28,20,75,10,70,84,16
"85","R_6sztunJID4Cs9fB",34.55,"1","GENERAL","Study4","PROLIFIC","Instagram","male","Male",,"Black or African American","grad","graduate or professional degree","Working full-time","$100,000-$149,999","IT Specialist","29607","45-54","Democrat",,23,25,"DESIGN",30,32,20,2,31,25,35,10,2,21
"86","R_6sztunJID4Cs9fB",34.55,"1","GENERAL","Study4","PROLIFIC","Instagram","male","Male",,"Black or African American","grad","graduate or professional degree","Working full-time","$100,000-$149,999","IT Specialist","29607","45-54","Democrat",,23,25,"DATA",36,34,27,2,27,29,36,19,1,25
"87","R_6sztunJID4Cs9fB",34.55,"1","GENERAL","Study4","PROLIFIC","Instagram","male","Male",,"Black or African American","grad","graduate or professional degree","Working full-time","$100,000-$149,999","IT Specialist","29607","45-54","Democrat",,23,25,"POLITICS",30,20,17,40,30,19,28,20,39,21
"88","R_6sztunJID4Cs9fB",34.55,"1","GENERAL","Study4","PROLIFIC","Instagram","male","Male",,"Black or African American","grad","graduate or professional degree","Working full-time","$100,000-$149,999","IT Specialist","29607","45-54","Democrat",,23,25,"TRUST",65,80,88,95,33,79,86,92,95,27
"89","R_6sztunJID4Cs9fB",34.55,"1","GENERAL","Study4","PROLIFIC","Instagram","male","Male",,"Black or African American","grad","graduate or professional degree","Working full-time","$100,000-$149,999","IT Specialist","29607","45-54","Democrat",,23,25,"ALIGN",71,75,76,94,69,88,85,91,94,76
"90","R_6sztunJID4Cs9fB",34.55,"1","GENERAL","Study4","PROLIFIC","Instagram","male","Male",,"Black or African American","grad","graduate or professional degree","Working full-time","$100,000-$149,999","IT Specialist","29607","45-54","Democrat",,23,25,"BEAUTY",43,72,75,95,77,32,81,90,98,81
"91","R_6sztunJID4Cs9fB",34.55,"1","GENERAL","Study4","PROLIFIC","Instagram","male","Male",,"Black or African American","grad","graduate or professional degree","Working full-time","$100,000-$149,999","IT Specialist","29607","45-54","Democrat",,23,25,"INTENT",24,65,20,2,66,17,64,12,1,76
"92","R_7R8rCmYaThQKwOz",28.08,"1","GENERAL","Study4","PROLIFIC","Twitter/X","male","Male",,"White or Caucasian","ugrad","some college","Working full-time","$50,000-$74,999","HVAC Service Manager","33067","35-44","Independent",,43,43,"DESIGN",86,13,27,27,44,87,27,16,32,43
"93","R_7R8rCmYaThQKwOz",28.08,"1","GENERAL","Study4","PROLIFIC","Twitter/X","male","Male",,"White or Caucasian","ugrad","some college","Working full-time","$50,000-$74,999","HVAC Service Manager","33067","35-44","Independent",,43,43,"DATA",90,6,28,42,36,97,13,20,32,41
"94","R_7R8rCmYaThQKwOz",28.08,"1","GENERAL","Study4","PROLIFIC","Twitter/X","male","Male",,"White or Caucasian","ugrad","some college","Working full-time","$50,000-$74,999","HVAC Service Manager","33067","35-44","Independent",,43,43,"POLITICS",24,42,45,91,31,27,39,43,30,36
"95","R_7R8rCmYaThQKwOz",28.08,"1","GENERAL","Study4","PROLIFIC","Twitter/X","male","Male",,"White or Caucasian","ugrad","some college","Working full-time","$50,000-$74,999","HVAC Service Manager","33067","35-44","Independent",,43,43,"TRUST",13,87,70,45,66,40,72,57,45,67
"96","R_7R8rCmYaThQKwOz",28.08,"1","GENERAL","Study4","PROLIFIC","Twitter/X","male","Male",,"White or Caucasian","ugrad","some college","Working full-time","$50,000-$74,999","HVAC Service Manager","33067","35-44","Independent",,43,43,"ALIGN",10,53,49,36,61,55,56,54,55,61
"97","R_7R8rCmYaThQKwOz",28.08,"1","GENERAL","Study4","PROLIFIC","Twitter/X","male","Male",,"White or Caucasian","ugrad","some college","Working full-time","$50,000-$74,999","HVAC Service Manager","33067","35-44","Independent",,43,43,"BEAUTY",12,86,82,63,68,13,89,12,69,62
"98","R_7R8rCmYaThQKwOz",28.08,"1","GENERAL","Study4","PROLIFIC","Twitter/X","male","Male",,"White or Caucasian","ugrad","some college","Working full-time","$50,000-$74,999","HVAC Service Manager","33067","35-44","Independent",,43,43,"INTENT",93,43,17,80,12,17,6,9,9,7
"99","R_5UYDpAXFJrEKvCo",33.58,"1","GENERAL","Study4","PROLIFIC","Instagram","male","Male",,"White or Caucasian","ugrad","undergradudate degree","Working part-time","$100,000-$149,999","IT Consulting","90094","35-44","Republican",,94,100,"DESIGN",85,2,16,7,10,83,10,25,10,10
"100","R_5UYDpAXFJrEKvCo",33.58,"1","GENERAL","Study4","PROLIFIC","Instagram","male","Male",,"White or Caucasian","ugrad","undergradudate degree","Working part-time","$100,000-$149,999","IT Consulting","90094","35-44","Republican",,94,100,"DATA",86,2,13,8,10,87,3,15,96,9
"101","R_5UYDpAXFJrEKvCo",33.58,"1","GENERAL","Study4","PROLIFIC","Instagram","male","Male",,"White or Caucasian","ugrad","undergradudate degree","Working part-time","$100,000-$149,999","IT Consulting","90094","35-44","Republican",,94,100,"POLITICS",50,50,51,78,24,50,50,0,0,40
"102","R_5UYDpAXFJrEKvCo",33.58,"1","GENERAL","Study4","PROLIFIC","Instagram","male","Male",,"White or Caucasian","ugrad","undergradudate degree","Working part-time","$100,000-$149,999","IT Consulting","90094","35-44","Republican",,94,100,"TRUST",55,81,50,50,38,50,80,28,0,50
"103","R_5UYDpAXFJrEKvCo",33.58,"1","GENERAL","Study4","PROLIFIC","Instagram","male","Male",,"White or Caucasian","ugrad","undergradudate degree","Working part-time","$100,000-$149,999","IT Consulting","90094","35-44","Republican",,94,100,"ALIGN",40,50,50,70,15,30,50,70,0,40
"104","R_5UYDpAXFJrEKvCo",33.58,"1","GENERAL","Study4","PROLIFIC","Instagram","male","Male",,"White or Caucasian","ugrad","undergradudate degree","Working part-time","$100,000-$149,999","IT Consulting","90094","35-44","Republican",,94,100,"BEAUTY",0,89,79,95,91,0,92,80,100,90
"105","R_5UYDpAXFJrEKvCo",33.58,"1","GENERAL","Study4","PROLIFIC","Instagram","male","Male",,"White or Caucasian","ugrad","undergradudate degree","Working part-time","$100,000-$149,999","IT Consulting","90094","35-44","Republican",,94,100,"INTENT",36,18,19,14,10,90,0,80,100,10
"106","R_3OWbK8q3iEaXjhL",20.05,"1","GENERAL","Study4","PROLIFIC","Instagram","female","Female",,"White or Caucasian","ugrad","undergradudate degree","Working full-time","$75,000-$99,999","Manager, Human Resources","79106","55-64","Republican",,76,77,"DESIGN",10,93,0,70,4,4,90,0,60,90
"107","R_3OWbK8q3iEaXjhL",20.05,"1","GENERAL","Study4","PROLIFIC","Instagram","female","Female",,"White or Caucasian","ugrad","undergradudate degree","Working full-time","$75,000-$99,999","Manager, Human Resources","79106","55-64","Republican",,76,77,"DATA",17,89,0,75,3,4,92,100,63,88
"108","R_3OWbK8q3iEaXjhL",20.05,"1","GENERAL","Study4","PROLIFIC","Instagram","female","Female",,"White or Caucasian","ugrad","undergradudate degree","Working full-time","$75,000-$99,999","Manager, Human Resources","79106","55-64","Republican",,76,77,"POLITICS",92,93,0,66,90,92,92,100,64,91
"109","R_3OWbK8q3iEaXjhL",20.05,"1","GENERAL","Study4","PROLIFIC","Instagram","female","Female",,"White or Caucasian","ugrad","undergradudate degree","Working full-time","$75,000-$99,999","Manager, Human Resources","79106","55-64","Republican",,76,77,"TRUST",86,89,100,95,89,93,90,100,68,88
"110","R_3OWbK8q3iEaXjhL",20.05,"1","GENERAL","Study4","PROLIFIC","Instagram","female","Female",,"White or Caucasian","ugrad","undergradudate degree","Working full-time","$75,000-$99,999","Manager, Human Resources","79106","55-64","Republican",,76,77,"ALIGN",84,88,100,17,93,95,91,100,61,88
"111","R_3OWbK8q3iEaXjhL",20.05,"1","GENERAL","Study4","PROLIFIC","Instagram","female","Female",,"White or Caucasian","ugrad","undergradudate degree","Working full-time","$75,000-$99,999","Manager, Human Resources","79106","55-64","Republican",,76,77,"BEAUTY",91,92,100,19,95,91,89,100,67,89
"112","R_3OWbK8q3iEaXjhL",20.05,"1","GENERAL","Study4","PROLIFIC","Instagram","female","Female",,"White or Caucasian","ugrad","undergradudate degree","Working full-time","$75,000-$99,999","Manager, Human Resources","79106","55-64","Republican",,76,77,"INTENT",89,92,100,90,94,94,93,94,68,93
"113","R_34uRDOFTIJaxMHq",49.77,"1","GENERAL","Study4","PROLIFIC","Facebook","female","Female",,"White or Caucasian","grad","graduate or professional degree","Working full-time","$100,000-$149,999","teacher","08077","45-54","Democrat",,1,0,"DESIGN",57,0,8,63,11,58,68,5,63,13
"114","R_34uRDOFTIJaxMHq",49.77,"1","GENERAL","Study4","PROLIFIC","Facebook","female","Female",,"White or Caucasian","grad","graduate or professional degree","Working full-time","$100,000-$149,999","teacher","08077","45-54","Democrat",,1,0,"DATA",63,0,7,60,11,50,69,6,60,2
"115","R_34uRDOFTIJaxMHq",49.77,"1","GENERAL","Study4","PROLIFIC","Facebook","female","Female",,"White or Caucasian","grad","graduate or professional degree","Working full-time","$100,000-$149,999","teacher","08077","45-54","Democrat",,1,0,"POLITICS",37,56,43,84,52,9,49,5,0,54
"116","R_34uRDOFTIJaxMHq",49.77,"1","GENERAL","Study4","PROLIFIC","Facebook","female","Female",,"White or Caucasian","grad","graduate or professional degree","Working full-time","$100,000-$149,999","teacher","08077","45-54","Democrat",,1,0,"TRUST",57,51,50,41,53,95,65,72,28,76
"117","R_34uRDOFTIJaxMHq",49.77,"1","GENERAL","Study4","PROLIFIC","Facebook","female","Female",,"White or Caucasian","grad","graduate or professional degree","Working full-time","$100,000-$149,999","teacher","08077","45-54","Democrat",,1,0,"ALIGN",62,46,63,0,53,100,60,97,100,47
"118","R_34uRDOFTIJaxMHq",49.77,"1","GENERAL","Study4","PROLIFIC","Facebook","female","Female",,"White or Caucasian","grad","graduate or professional degree","Working full-time","$100,000-$149,999","teacher","08077","45-54","Democrat",,1,0,"BEAUTY",61,80,66,13,60,39,60,100,13,73
"119","R_34uRDOFTIJaxMHq",49.77,"1","GENERAL","Study4","PROLIFIC","Facebook","female","Female",,"White or Caucasian","grad","graduate or professional degree","Working full-time","$100,000-$149,999","teacher","08077","45-54","Democrat",,1,0,"INTENT",20,75,19,100,25,70,0,73,100,0
"120","R_7RekX1OrjUPn19k",54.38,"1","GENERAL","Study4","PROLIFIC","Facebook","male","Male",,"White or Caucasian","grad","graduate or professional degree","Working full-time","$50,000-$74,999","translator","32259","45-54","Democrat",,32,33,"DESIGN",28,20,64,42,40,25,37,56,36,40
"121","R_7RekX1OrjUPn19k",54.38,"1","GENERAL","Study4","PROLIFIC","Facebook","male","Male",,"White or Caucasian","grad","graduate or professional degree","Working full-time","$50,000-$74,999","translator","32259","45-54","Democrat",,32,33,"DATA",20,10,69,33,38,17,40,56,36,43
"122","R_7RekX1OrjUPn19k",54.38,"1","GENERAL","Study4","PROLIFIC","Facebook","male","Male",,"White or Caucasian","grad","graduate or professional degree","Working full-time","$50,000-$74,999","translator","32259","45-54","Democrat",,32,33,"POLITICS",17,33,49,60,16,21,47,17,6,39
"123","R_7RekX1OrjUPn19k",54.38,"1","GENERAL","Study4","PROLIFIC","Facebook","male","Male",,"White or Caucasian","grad","graduate or professional degree","Working full-time","$50,000-$74,999","translator","32259","45-54","Democrat",,32,33,"TRUST",75,80,50,68,60,87,65,93,69,85
"124","R_7RekX1OrjUPn19k",54.38,"1","GENERAL","Study4","PROLIFIC","Facebook","male","Male",,"White or Caucasian","grad","graduate or professional degree","Working full-time","$50,000-$74,999","translator","32259","45-54","Democrat",,32,33,"ALIGN",75,58,48,56,75,81,58,68,94,73
"125","R_7RekX1OrjUPn19k",54.38,"1","GENERAL","Study4","PROLIFIC","Facebook","male","Male",,"White or Caucasian","grad","graduate or professional degree","Working full-time","$50,000-$74,999","translator","32259","45-54","Democrat",,32,33,"BEAUTY",66,64,12,29,57,69,63,12,61,56
"126","R_7RekX1OrjUPn19k",54.38,"1","GENERAL","Study4","PROLIFIC","Facebook","male","Male",,"White or Caucasian","grad","graduate or professional degree","Working full-time","$50,000-$74,999","translator","32259","45-54","Democrat",,32,33,"INTENT",82,8,3,22,94,26,5,6,97,27
"127","R_5ewqO2Rff5COnNi",62.1,"1","GENERAL","Study4","PROLIFIC","Instagram","male","Male",,"White or Caucasian","ugrad","undergradudate degree","Working part-time","$25,000-$49,999","Operations Assistant Manager","19711","18-24","Independent",,24,25,"DESIGN",61,41,34,39,57,69,30,23,28,36
"128","R_5ewqO2Rff5COnNi",62.1,"1","GENERAL","Study4","PROLIFIC","Instagram","male","Male",,"White or Caucasian","ugrad","undergradudate degree","Working part-time","$25,000-$49,999","Operations Assistant Manager","19711","18-24","Independent",,24,25,"DATA",41,39,36,39,62,66,34,27,20,43
"129","R_5ewqO2Rff5COnNi",62.1,"1","GENERAL","Study4","PROLIFIC","Instagram","male","Male",,"White or Caucasian","ugrad","undergradudate degree","Working part-time","$25,000-$49,999","Operations Assistant Manager","19711","18-24","Independent",,24,25,"POLITICS",51,41,39,32,45,52,40,22,15,35
"130","R_5ewqO2Rff5COnNi",62.1,"1","GENERAL","Study4","PROLIFIC","Instagram","male","Male",,"White or Caucasian","ugrad","undergradudate degree","Working part-time","$25,000-$49,999","Operations Assistant Manager","19711","18-24","Independent",,24,25,"TRUST",62,40,64,58,54,65,66,71,66,68
"131","R_5ewqO2Rff5COnNi",62.1,"1","GENERAL","Study4","PROLIFIC","Instagram","male","Male",,"White or Caucasian","ugrad","undergradudate degree","Working part-time","$25,000-$49,999","Operations Assistant Manager","19711","18-24","Independent",,24,25,"ALIGN",65,40,56,60,35,65,41,69,65,64
"132","R_5ewqO2Rff5COnNi",62.1,"1","GENERAL","Study4","PROLIFIC","Instagram","male","Male",,"White or Caucasian","ugrad","undergradudate degree","Working part-time","$25,000-$49,999","Operations Assistant Manager","19711","18-24","Independent",,24,25,"BEAUTY",67,45,58,56,60,73,45,66,60,68
"133","R_5ewqO2Rff5COnNi",62.1,"1","GENERAL","Study4","PROLIFIC","Instagram","male","Male",,"White or Caucasian","ugrad","undergradudate degree","Working part-time","$25,000-$49,999","Operations Assistant Manager","19711","18-24","Independent",,24,25,"INTENT",0,60,31,38,69,21,68,30,62,23
"134","R_716E0SQqsjmwC7f",64.73,"1","GENERAL","Study4","PROLIFIC","Instagram","male","Male",,"White or Caucasian","ugrad","some college","Working full-time","$25,000-$49,999","Intern data analyst","45220","18-24","Independent",,63,55,"DESIGN",37,13,61,37,37,37,13,61,37,37
"135","R_716E0SQqsjmwC7f",64.73,"1","GENERAL","Study4","PROLIFIC","Instagram","male","Male",,"White or Caucasian","ugrad","some college","Working full-time","$25,000-$49,999","Intern data analyst","45220","18-24","Independent",,63,55,"DATA",42,15,67,32,36,26,4,75,32,36
"136","R_716E0SQqsjmwC7f",64.73,"1","GENERAL","Study4","PROLIFIC","Instagram","male","Male",,"White or Caucasian","ugrad","some college","Working full-time","$25,000-$49,999","Intern data analyst","45220","18-24","Independent",,63,55,"POLITICS",28,51,60,27,67,19,51,34,0,68
"137","R_716E0SQqsjmwC7f",64.73,"1","GENERAL","Study4","PROLIFIC","Instagram","male","Male",,"White or Caucasian","ugrad","some college","Working full-time","$25,000-$49,999","Intern data analyst","45220","18-24","Independent",,63,55,"TRUST",53,78,53,64,46,66,95,56,30,78
"138","R_716E0SQqsjmwC7f",64.73,"1","GENERAL","Study4","PROLIFIC","Instagram","male","Male",,"White or Caucasian","ugrad","some college","Working full-time","$25,000-$49,999","Intern data analyst","45220","18-24","Independent",,63,55,"ALIGN",43,51,54,46,51,54,51,54,41,51
"139","R_716E0SQqsjmwC7f",64.73,"1","GENERAL","Study4","PROLIFIC","Instagram","male","Male",,"White or Caucasian","ugrad","some college","Working full-time","$25,000-$49,999","Intern data analyst","45220","18-24","Independent",,63,55,"BEAUTY",55,91,32,69,58,55,95,31,69,56
"140","R_716E0SQqsjmwC7f",64.73,"1","GENERAL","Study4","PROLIFIC","Instagram","male","Male",,"White or Caucasian","ugrad","some college","Working full-time","$25,000-$49,999","Intern data analyst","45220","18-24","Independent",,63,55,"INTENT",80,20,0,77,24,25,1,80,85,25
"141","R_7pa1WQZasbuwNp7",28.87,"1","GENERAL","Study4","PROLIFIC","Twitter/X","male","Male",,"White or Caucasian","grad","graduate or professional degree","Working full-time","$150,000 or more","Financial Advisor","11581","35-44","Republican",,51,48,"DESIGN",57,60,64,62,67,57,63,47,60,71
"142","R_7pa1WQZasbuwNp7",28.87,"1","GENERAL","Study4","PROLIFIC","Twitter/X","male","Male",,"White or Caucasian","grad","graduate or professional degree","Working full-time","$150,000 or more","Financial Advisor","11581","35-44","Republican",,51,48,"DATA",69,60,59,43,60,45,61,59,62,43
"143","R_7pa1WQZasbuwNp7",28.87,"1","GENERAL","Study4","PROLIFIC","Twitter/X","male","Male",,"White or Caucasian","grad","graduate or professional degree","Working full-time","$150,000 or more","Financial Advisor","11581","35-44","Republican",,51,48,"POLITICS",43,46,59,53,64,53,61,58,60,59
"144","R_7pa1WQZasbuwNp7",28.87,"1","GENERAL","Study4","PROLIFIC","Twitter/X","male","Male",,"White or Caucasian","grad","graduate or professional degree","Working full-time","$150,000 or more","Financial Advisor","11581","35-44","Republican",,51,48,"TRUST",62,41,40,35,39,60,39,61,44,69
"145","R_7pa1WQZasbuwNp7",28.87,"1","GENERAL","Study4","PROLIFIC","Twitter/X","male","Male",,"White or Caucasian","grad","graduate or professional degree","Working full-time","$150,000 or more","Financial Advisor","11581","35-44","Republican",,51,48,"ALIGN",56,47,45,39,72,62,60,44,63,43
"146","R_7pa1WQZasbuwNp7",28.87,"1","GENERAL","Study4","PROLIFIC","Twitter/X","male","Male",,"White or Caucasian","grad","graduate or professional degree","Working full-time","$150,000 or more","Financial Advisor","11581","35-44","Republican",,51,48,"BEAUTY",60,62,63,61,63,58,60,64,60,60
"147","R_7pa1WQZasbuwNp7",28.87,"1","GENERAL","Study4","PROLIFIC","Twitter/X","male","Male",,"White or Caucasian","grad","graduate or professional degree","Working full-time","$150,000 or more","Financial Advisor","11581","35-44","Republican",,51,48,"INTENT",40,60,43,67,60,57,60,64,60,69
"148","R_71gYyyoMoB9aupP",54.88,"1","GENERAL","Study4","PROLIFIC","Facebook","female","Female",,"White or Caucasian","ugrad","some college","Working full-time","$25,000-$49,999","Hospice Intake Coordinator","32607","45-54","Other","Democratic Socialist",0,0,"DESIGN",95,50,35,25,70,95,50,20,25,50
"149","R_71gYyyoMoB9aupP",54.88,"1","GENERAL","Study4","PROLIFIC","Facebook","female","Female",,"White or Caucasian","ugrad","some college","Working full-time","$25,000-$49,999","Hospice Intake Coordinator","32607","45-54","Other","Democratic Socialist",0,0,"DATA",50,50,25,25,50,40,90,50,50,50
"150","R_71gYyyoMoB9aupP",54.88,"1","GENERAL","Study4","PROLIFIC","Facebook","female","Female",,"White or Caucasian","ugrad","some college","Working full-time","$25,000-$49,999","Hospice Intake Coordinator","32607","45-54","Other","Democratic Socialist",0,0,"POLITICS",50,50,50,90,0,0,50,40,5,50
"151","R_71gYyyoMoB9aupP",54.88,"1","GENERAL","Study4","PROLIFIC","Facebook","female","Female",,"White or Caucasian","ugrad","some college","Working full-time","$25,000-$49,999","Hospice Intake Coordinator","32607","45-54","Other","Democratic Socialist",0,0,"TRUST",50,50,50,10,20,50,50,80,95,90
"152","R_71gYyyoMoB9aupP",54.88,"1","GENERAL","Study4","PROLIFIC","Facebook","female","Female",,"White or Caucasian","ugrad","some college","Working full-time","$25,000-$49,999","Hospice Intake Coordinator","32607","45-54","Other","Democratic Socialist",0,0,"ALIGN",70,50,50,0,100,85,50,60,100,50
"153","R_71gYyyoMoB9aupP",54.88,"1","GENERAL","Study4","PROLIFIC","Facebook","female","Female",,"White or Caucasian","ugrad","some college","Working full-time","$25,000-$49,999","Hospice Intake Coordinator","32607","45-54","Other","Democratic Socialist",0,0,"BEAUTY",10,95,40,60,40,10,95,50,60,40
"154","R_71gYyyoMoB9aupP",54.88,"1","GENERAL","Study4","PROLIFIC","Facebook","female","Female",,"White or Caucasian","ugrad","some college","Working full-time","$25,000-$49,999","Hospice Intake Coordinator","32607","45-54","Other","Democratic Socialist",0,0,"INTENT",20,10,5,80,30,60,0,8,10,3
"155","R_84fAn6bZFRg0zbX",68.05,"1","GENERAL","Study4","PROLIFIC","Twitter/X","female","Female",,"Black or African American","grad","graduate or professional degree","Working full-time","$150,000 or more","Operations Manager","39339","25-34","Republican",,74,60,"DESIGN",95,0,0,23,26,86,0,0,11,0
"156","R_84fAn6bZFRg0zbX",68.05,"1","GENERAL","Study4","PROLIFIC","Twitter/X","female","Female",,"Black or African American","grad","graduate or professional degree","Working full-time","$150,000 or more","Operations Manager","39339","25-34","Republican",,74,60,"DATA",85,0,0,84,28,91,0,0,88,89
"157","R_84fAn6bZFRg0zbX",68.05,"1","GENERAL","Study4","PROLIFIC","Twitter/X","female","Female",,"Black or African American","grad","graduate or professional degree","Working full-time","$150,000 or more","Operations Manager","39339","25-34","Republican",,74,60,"POLITICS",27,62,78,36,58,22,82,63,5,77
"158","R_84fAn6bZFRg0zbX",68.05,"1","GENERAL","Study4","PROLIFIC","Twitter/X","female","Female",,"Black or African American","grad","graduate or professional degree","Working full-time","$150,000 or more","Operations Manager","39339","25-34","Republican",,74,60,"TRUST",25,78,92,25,56,15,100,65,0,37
"159","R_84fAn6bZFRg0zbX",68.05,"1","GENERAL","Study4","PROLIFIC","Twitter/X","female","Female",,"Black or African American","grad","graduate or professional degree","Working full-time","$150,000 or more","Operations Manager","39339","25-34","Republican",,74,60,"ALIGN",8,77,93,28,56,21,89,81,0,36
"160","R_84fAn6bZFRg0zbX",68.05,"1","GENERAL","Study4","PROLIFIC","Twitter/X","female","Female",,"Black or African American","grad","graduate or professional degree","Working full-time","$150,000 or more","Operations Manager","39339","25-34","Republican",,74,60,"BEAUTY",8,56,95,0,81,0,100,0,0,86
"161","R_84fAn6bZFRg0zbX",68.05,"1","GENERAL","Study4","PROLIFIC","Twitter/X","female","Female",,"Black or African American","grad","graduate or professional degree","Working full-time","$150,000 or more","Operations Manager","39339","25-34","Republican",,74,60,"INTENT",52,11,85,83,61,60,0,22,86,69
"162","R_5K77X7Y8p1SKB1Q",109.62,"1","GENERAL","Study4","PROLIFIC","Instagram","male","Male",,"White or Caucasian","hs_or_less","high school diploma or GED ","Unemployed and looking for work","$75,000-$99,999","n/a","33615","18-24","Independent",,0,0,"DESIGN",77,0,17,41,32,74,4,15,30,28
"163","R_5K77X7Y8p1SKB1Q",109.62,"1","GENERAL","Study4","PROLIFIC","Instagram","male","Male",,"White or Caucasian","hs_or_less","high school diploma or GED ","Unemployed and looking for work","$75,000-$99,999","n/a","33615","18-24","Independent",,0,0,"DATA",41,0,8,40,15,39,8,5,25,13
"164","R_5K77X7Y8p1SKB1Q",109.62,"1","GENERAL","Study4","PROLIFIC","Instagram","male","Male",,"White or Caucasian","hs_or_less","high school diploma or GED ","Unemployed and looking for work","$75,000-$99,999","n/a","33615","18-24","Independent",,0,0,"POLITICS",46,49,50,66,17,16,50,37,27,42
"165","R_5K77X7Y8p1SKB1Q",109.62,"1","GENERAL","Study4","PROLIFIC","Instagram","male","Male",,"White or Caucasian","hs_or_less","high school diploma or GED ","Unemployed and looking for work","$75,000-$99,999","n/a","33615","18-24","Independent",,0,0,"TRUST",50,51,76,50,70,90,50,85,67,68
"166","R_5K77X7Y8p1SKB1Q",109.62,"1","GENERAL","Study4","PROLIFIC","Instagram","male","Male",,"White or Caucasian","hs_or_less","high school diploma or GED ","Unemployed and looking for work","$75,000-$99,999","n/a","33615","18-24","Independent",,0,0,"ALIGN",50,50,50,48,77,100,50,90,73,76
"167","R_5K77X7Y8p1SKB1Q",109.62,"1","GENERAL","Study4","PROLIFIC","Instagram","male","Male",,"White or Caucasian","hs_or_less","high school diploma or GED ","Unemployed and looking for work","$75,000-$99,999","n/a","33615","18-24","Independent",,0,0,"BEAUTY",58,94,46,60,50,72,100,50,69,51
"168","R_5K77X7Y8p1SKB1Q",109.62,"1","GENERAL","Study4","PROLIFIC","Instagram","male","Male",,"White or Caucasian","hs_or_less","high school diploma or GED ","Unemployed and looking for work","$75,000-$99,999","n/a","33615","18-24","Independent",,0,0,"INTENT",74,21,0,50,59,50,20,59,37,14
"169","R_1KMWnBcB00ffd5L",15.63,"1","GENERAL","Study4","PROLIFIC","Instagram","male","Male",,"Asian","grad","graduate or professional degree","Working full-time","$100,000-$149,999","Data scientist","11801","35-44","Democrat",,49,66,"DESIGN",85,3,34,22,35,17,0,16,30,4
"170","R_1KMWnBcB00ffd5L",15.63,"1","GENERAL","Study4","PROLIFIC","Instagram","male","Male",,"Asian","grad","graduate or professional degree","Working full-time","$100,000-$149,999","Data scientist","11801","35-44","Democrat",,49,66,"DATA",62,4,25,35,25,85,0,20,33,8
"171","R_1KMWnBcB00ffd5L",15.63,"1","GENERAL","Study4","PROLIFIC","Instagram","male","Male",,"Asian","grad","graduate or professional degree","Working full-time","$100,000-$149,999","Data scientist","11801","35-44","Democrat",,49,66,"POLITICS",51,51,12,99,48,48,49,0,0,38
"172","R_1KMWnBcB00ffd5L",15.63,"1","GENERAL","Study4","PROLIFIC","Instagram","male","Male",,"Asian","grad","graduate or professional degree","Working full-time","$100,000-$149,999","Data scientist","11801","35-44","Democrat",,49,66,"TRUST",9,55,100,66,62,77,100,100,64,99
"173","R_1KMWnBcB00ffd5L",15.63,"1","GENERAL","Study4","PROLIFIC","Instagram","male","Male",,"Asian","grad","graduate or professional degree","Working full-time","$100,000-$149,999","Data scientist","11801","35-44","Democrat",,49,66,"ALIGN",23,62,27,62,39,75,57,42,61,65
"174","R_1KMWnBcB00ffd5L",15.63,"1","GENERAL","Study4","PROLIFIC","Instagram","male","Male",,"Asian","grad","graduate or professional degree","Working full-time","$100,000-$149,999","Data scientist","11801","35-44","Democrat",,49,66,"BEAUTY",12,57,40,60,1,0,65,37,64,19
"175","R_1KMWnBcB00ffd5L",15.63,"1","GENERAL","Study4","PROLIFIC","Instagram","male","Male",,"Asian","grad","graduate or professional degree","Working full-time","$100,000-$149,999","Data scientist","11801","35-44","Democrat",,49,66,"INTENT",54,6,4,80,0,25,3,0,100,0
"176","R_1irmSR8xxlJWBao",28.12,"1","GENERAL","Study4","PROLIFIC","Instagram","female","Female",,"White or Caucasian","ugrad","undergradudate degree","Student","$75,000-$99,999","studying for actuarial exams","55311","18-24","Democrat",,1,1,"DESIGN",18,63,40,71,35,16,43,37,45,39
"177","R_1irmSR8xxlJWBao",28.12,"1","GENERAL","Study4","PROLIFIC","Instagram","female","Female",,"White or Caucasian","ugrad","undergradudate degree","Student","$75,000-$99,999","studying for actuarial exams","55311","18-24","Democrat",,1,1,"DATA",32,43,32,56,36,28,61,35,47,41
"178","R_1irmSR8xxlJWBao",28.12,"1","GENERAL","Study4","PROLIFIC","Instagram","female","Female",,"White or Caucasian","ugrad","undergradudate degree","Student","$75,000-$99,999","studying for actuarial exams","55311","18-24","Democrat",,1,1,"POLITICS",18,45,48,74,53,17,51,33,41,39
"179","R_1irmSR8xxlJWBao",28.12,"1","GENERAL","Study4","PROLIFIC","Instagram","female","Female",,"White or Caucasian","ugrad","undergradudate degree","Student","$75,000-$99,999","studying for actuarial exams","55311","18-24","Democrat",,1,1,"TRUST",57,43,51,27,55,68,40,62,56,52
"180","R_1irmSR8xxlJWBao",28.12,"1","GENERAL","Study4","PROLIFIC","Instagram","female","Female",,"White or Caucasian","ugrad","undergradudate degree","Student","$75,000-$99,999","studying for actuarial exams","55311","18-24","Democrat",,1,1,"ALIGN",76,56,37,23,48,89,49,88,72,59
"181","R_1irmSR8xxlJWBao",28.12,"1","GENERAL","Study4","PROLIFIC","Instagram","female","Female",,"White or Caucasian","ugrad","undergradudate degree","Student","$75,000-$99,999","studying for actuarial exams","55311","18-24","Democrat",,1,1,"BEAUTY",70,65,29,32,25,70,57,30,21,20
"182","R_1irmSR8xxlJWBao",28.12,"1","GENERAL","Study4","PROLIFIC","Instagram","female","Female",,"White or Caucasian","ugrad","undergradudate degree","Student","$75,000-$99,999","studying for actuarial exams","55311","18-24","Democrat",,1,1,"INTENT",29,36,20,67,34,22,32,20,62,23
"183","R_30B1JVRPxq5MAcl",30.73,"1","GENERAL","Study4","PROLIFIC","Instagram","female","Female",,"White or Caucasian","ugrad","undergradudate degree","A homemaker or stay-at-home parent","$100,000-$149,999","I am a stay at home parent.","95747","45-54","Democrat",,0,25,"DESIGN",75,21,64,24,68,59,73,64,42,69
"184","R_30B1JVRPxq5MAcl",30.73,"1","GENERAL","Study4","PROLIFIC","Instagram","female","Female",,"White or Caucasian","ugrad","undergradudate degree","A homemaker or stay-at-home parent","$100,000-$149,999","I am a stay at home parent.","95747","45-54","Democrat",,0,25,"DATA",59,38,43,23,30,57,72,43,20,30
"185","R_30B1JVRPxq5MAcl",30.73,"1","GENERAL","Study4","PROLIFIC","Instagram","female","Female",,"White or Caucasian","ugrad","undergradudate degree","A homemaker or stay-at-home parent","$100,000-$149,999","I am a stay at home parent.","95747","45-54","Democrat",,0,25,"POLITICS",31,65,58,50,26,23,50,0,10,26
"186","R_30B1JVRPxq5MAcl",30.73,"1","GENERAL","Study4","PROLIFIC","Instagram","female","Female",,"White or Caucasian","ugrad","undergradudate degree","A homemaker or stay-at-home parent","$100,000-$149,999","I am a stay at home parent.","95747","45-54","Democrat",,0,25,"TRUST",61,51,50,51,68,72,51,78,88,68
"187","R_30B1JVRPxq5MAcl",30.73,"1","GENERAL","Study4","PROLIFIC","Instagram","female","Female",,"White or Caucasian","ugrad","undergradudate degree","A homemaker or stay-at-home parent","$100,000-$149,999","I am a stay at home parent.","95747","45-54","Democrat",,0,25,"ALIGN",60,51,50,51,70,60,51,78,74,70
"188","R_30B1JVRPxq5MAcl",30.73,"1","GENERAL","Study4","PROLIFIC","Instagram","female","Female",,"White or Caucasian","ugrad","undergradudate degree","A homemaker or stay-at-home parent","$100,000-$149,999","I am a stay at home parent.","95747","45-54","Democrat",,0,25,"BEAUTY",76,51,29,27,29,73,51,29,59,29
"189","R_30B1JVRPxq5MAcl",30.73,"1","GENERAL","Study4","PROLIFIC","Instagram","female","Female",,"White or Caucasian","ugrad","undergradudate degree","A homemaker or stay-at-home parent","$100,000-$149,999","I am a stay at home parent.","95747","45-54","Democrat",,0,25,"INTENT",15,5,25,23,79,0,0,0,100,80
"190","R_60tV1sutI6jIy8v",33.97,"1","GENERAL","Study4","PROLIFIC","Facebook","male","Male",,"White or Caucasian","hs_or_less","high school diploma or GED ","Working full-time","$50,000-$74,999","machine operator","00000","25-34","Republican",,62,62,"DESIGN",59,38,47,48,42,47,53,49,50,44
"191","R_60tV1sutI6jIy8v",33.97,"1","GENERAL","Study4","PROLIFIC","Facebook","male","Male",,"White or Caucasian","hs_or_less","high school diploma or GED ","Working full-time","$50,000-$74,999","machine operator","00000","25-34","Republican",,62,62,"DATA",57,40,47,48,43,47,54,47,48,45
"192","R_60tV1sutI6jIy8v",33.97,"1","GENERAL","Study4","PROLIFIC","Facebook","male","Male",,"White or Caucasian","hs_or_less","high school diploma or GED ","Working full-time","$50,000-$74,999","machine operator","00000","25-34","Republican",,62,62,"POLITICS",58,50,50,60,50,51,50,50,54,46
"193","R_60tV1sutI6jIy8v",33.97,"1","GENERAL","Study4","PROLIFIC","Facebook","male","Male",,"White or Caucasian","hs_or_less","high school diploma or GED ","Working full-time","$50,000-$74,999","machine operator","00000","25-34","Republican",,62,62,"TRUST",56,50,50,54,50,58,54,50,54,50
"194","R_60tV1sutI6jIy8v",33.97,"1","GENERAL","Study4","PROLIFIC","Facebook","male","Male",,"White or Caucasian","hs_or_less","high school diploma or GED ","Working full-time","$50,000-$74,999","machine operator","00000","25-34","Republican",,62,62,"ALIGN",61,50,50,52,51,56,50,50,52,51
"195","R_60tV1sutI6jIy8v",33.97,"1","GENERAL","Study4","PROLIFIC","Facebook","male","Male",,"White or Caucasian","hs_or_less","high school diploma or GED ","Working full-time","$50,000-$74,999","machine operator","00000","25-34","Republican",,62,62,"BEAUTY",50,79,42,58,39,50,63,50,56,37
"196","R_60tV1sutI6jIy8v",33.97,"1","GENERAL","Study4","PROLIFIC","Facebook","male","Male",,"White or Caucasian","hs_or_less","high school diploma or GED ","Working full-time","$50,000-$74,999","machine operator","00000","25-34","Republican",,62,62,"INTENT",38,50,45,45,40,38,41,45,45,35
"197","R_5EmSRUb5pd8rQs1",38.27,"1","GENERAL","Study4","PROLIFIC","Twitter/X","male","Male",,"White or Caucasian","hs_or_less","high school diploma or GED ","Working full-time","$25,000-$49,999","English tutor","28470","25-34","Republican",,80,80,"DESIGN",39,13,11,60,24,38,76,11,16,24
"198","R_5EmSRUb5pd8rQs1",38.27,"1","GENERAL","Study4","PROLIFIC","Twitter/X","male","Male",,"White or Caucasian","hs_or_less","high school diploma or GED ","Working full-time","$25,000-$49,999","English tutor","28470","25-34","Republican",,80,80,"DATA",40,8,11,68,12,40,76,11,12,12
"199","R_5EmSRUb5pd8rQs1",38.27,"1","GENERAL","Study4","PROLIFIC","Twitter/X","male","Male",,"White or Caucasian","hs_or_less","high school diploma or GED ","Working full-time","$25,000-$49,999","English tutor","28470","25-34","Republican",,80,80,"POLITICS",29,64,55,80,50,23,43,35,0,61
"200","R_5EmSRUb5pd8rQs1",38.27,"1","GENERAL","Study4","PROLIFIC","Twitter/X","male","Male",,"White or Caucasian","hs_or_less","high school diploma or GED ","Working full-time","$25,000-$49,999","English tutor","28470","25-34","Republican",,80,80,"TRUST",67,74,70,75,64,67,89,74,10,78
"201","R_5EmSRUb5pd8rQs1",38.27,"1","GENERAL","Study4","PROLIFIC","Twitter/X","male","Male",,"White or Caucasian","hs_or_less","high school diploma or GED ","Working full-time","$25,000-$49,999","English tutor","28470","25-34","Republican",,80,80,"ALIGN",51,50,65,75,51,51,50,75,5,50
"202","R_5EmSRUb5pd8rQs1",38.27,"1","GENERAL","Study4","PROLIFIC","Twitter/X","male","Male",,"White or Caucasian","hs_or_less","high school diploma or GED ","Working full-time","$25,000-$49,999","English tutor","28470","25-34","Republican",,80,80,"BEAUTY",70,40,40,79,42,70,34,40,75,42
"203","R_5EmSRUb5pd8rQs1",38.27,"1","GENERAL","Study4","PROLIFIC","Twitter/X","male","Male",,"White or Caucasian","hs_or_less","high school diploma or GED ","Working full-time","$25,000-$49,999","English tutor","28470","25-34","Republican",,80,80,"INTENT",71,31,25,75,71,76,5,19,100,25
"204","R_3joAKje6E2AH4kj",42.17,"1","GENERAL","Study4","PROLIFIC","Instagram","male","Male",,"White or Caucasian","ugrad","undergradudate degree","Working full-time","$50,000-$74,999","software developer with supervisory duties","92007","35-44","Democrat",,37,39,"DESIGN",32,0,32,20,4,26,0,38,12,11
"205","R_3joAKje6E2AH4kj",42.17,"1","GENERAL","Study4","PROLIFIC","Instagram","male","Male",,"White or Caucasian","ugrad","undergradudate degree","Working full-time","$50,000-$74,999","software developer with supervisory duties","92007","35-44","Democrat",,37,39,"DATA",35,6,7,28,11,30,32,9,8,7
"206","R_3joAKje6E2AH4kj",42.17,"1","GENERAL","Study4","PROLIFIC","Instagram","male","Male",,"White or Caucasian","ugrad","undergradudate degree","Working full-time","$50,000-$74,999","software developer with supervisory duties","92007","35-44","Democrat",,37,39,"POLITICS",23,52,51,62,51,31,35,29,21,21
"207","R_3joAKje6E2AH4kj",42.17,"1","GENERAL","Study4","PROLIFIC","Instagram","male","Male",,"White or Caucasian","ugrad","undergradudate degree","Working full-time","$50,000-$74,999","software developer with supervisory duties","92007","35-44","Democrat",,37,39,"TRUST",65,23,19,63,91,22,15,17,81,6
"208","R_3joAKje6E2AH4kj",42.17,"1","GENERAL","Study4","PROLIFIC","Instagram","male","Male",,"White or Caucasian","ugrad","undergradudate degree","Working full-time","$50,000-$74,999","software developer with supervisory duties","92007","35-44","Democrat",,37,39,"ALIGN",51,50,53,50,51,33,50,41,33,43
"209","R_3joAKje6E2AH4kj",42.17,"1","GENERAL","Study4","PROLIFIC","Instagram","male","Male",,"White or Caucasian","ugrad","undergradudate degree","Working full-time","$50,000-$74,999","software developer with supervisory duties","92007","35-44","Democrat",,37,39,"BEAUTY",60,17,51,61,57,29,2,51,51,58
"210","R_3joAKje6E2AH4kj",42.17,"1","GENERAL","Study4","PROLIFIC","Instagram","male","Male",,"White or Caucasian","ugrad","undergradudate degree","Working full-time","$50,000-$74,999","software developer with supervisory duties","92007","35-44","Democrat",,37,39,"INTENT",6,72,4,85,45,17,2,6,24,4
"211","R_3Eg9nAOormSQO5T",71.67,"1","GENERAL","Study4","PROLIFIC","Instagram","female","Female",,"White or Caucasian","ugrad","undergradudate degree","Other","$100,000-$149,999","brand ambassador","78676","25-34","Republican",,50,64,"DESIGN",63,44,58,70,64,46,64,45,62,52
"212","R_3Eg9nAOormSQO5T",71.67,"1","GENERAL","Study4","PROLIFIC","Instagram","female","Female",,"White or Caucasian","ugrad","undergradudate degree","Other","$100,000-$149,999","brand ambassador","78676","25-34","Republican",,50,64,"DATA",62,10,34,32,36,46,61,22,40,17
"213","R_3Eg9nAOormSQO5T",71.67,"1","GENERAL","Study4","PROLIFIC","Instagram","female","Female",,"White or Caucasian","ugrad","undergradudate degree","Other","$100,000-$149,999","brand ambassador","78676","25-34","Republican",,50,64,"POLITICS",34,45,58,62,59,37,40,40,27,63
"214","R_3Eg9nAOormSQO5T",71.67,"1","GENERAL","Study4","PROLIFIC","Instagram","female","Female",,"White or Caucasian","ugrad","undergradudate degree","Other","$100,000-$149,999","brand ambassador","78676","25-34","Republican",,50,64,"TRUST",65,59,59,53,57,61,71,50,45,56
"215","R_3Eg9nAOormSQO5T",71.67,"1","GENERAL","Study4","PROLIFIC","Instagram","female","Female",,"White or Caucasian","ugrad","undergradudate degree","Other","$100,000-$149,999","brand ambassador","78676","25-34","Republican",,50,64,"ALIGN",57,59,38,55,46,55,60,59,44,61
"216","R_3Eg9nAOormSQO5T",71.67,"1","GENERAL","Study4","PROLIFIC","Instagram","female","Female",,"White or Caucasian","ugrad","undergradudate degree","Other","$100,000-$149,999","brand ambassador","78676","25-34","Republican",,50,64,"BEAUTY",61,57,51,39,35,59,55,39,29,36
"217","R_3Eg9nAOormSQO5T",71.67,"1","GENERAL","Study4","PROLIFIC","Instagram","female","Female",,"White or Caucasian","ugrad","undergradudate degree","Other","$100,000-$149,999","brand ambassador","78676","25-34","Republican",,50,64,"INTENT",27,37,38,54,60,22,11,53,80,68
"218","R_77NehATub4p0Iqx",13.07,"1","GENERAL","Study4","PROLIFIC","Twitter/X","male","Male",,"Asian","hs_or_less","high school diploma or GED ","Unemployed and looking for work","$50,000-$74,999","unemployed","91786","18-24","Republican",,100,100,"DESIGN",40,0,0,100,0,0,0,0,100,0
"219","R_77NehATub4p0Iqx",13.07,"1","GENERAL","Study4","PROLIFIC","Twitter/X","male","Male",,"Asian","hs_or_less","high school diploma or GED ","Unemployed and looking for work","$50,000-$74,999","unemployed","91786","18-24","Republican",,100,100,"DATA",40,0,0,100,0,0,0,0,100,0
"220","R_77NehATub4p0Iqx",13.07,"1","GENERAL","Study4","PROLIFIC","Twitter/X","male","Male",,"Asian","hs_or_less","high school diploma or GED ","Unemployed and looking for work","$50,000-$74,999","unemployed","91786","18-24","Republican",,100,100,"POLITICS",50,50,50,100,50,0,50,50,0,0
"221","R_77NehATub4p0Iqx",13.07,"1","GENERAL","Study4","PROLIFIC","Twitter/X","male","Male",,"Asian","hs_or_less","high school diploma or GED ","Unemployed and looking for work","$50,000-$74,999","unemployed","91786","18-24","Republican",,100,100,"TRUST",60,50,100,0,50,100,100,100,0,100
"222","R_77NehATub4p0Iqx",13.07,"1","GENERAL","Study4","PROLIFIC","Twitter/X","male","Male",,"Asian","hs_or_less","high school diploma or GED ","Unemployed and looking for work","$50,000-$74,999","unemployed","91786","18-24","Republican",,100,100,"ALIGN",50,50,50,0,50,100,50,100,50,100
"223","R_77NehATub4p0Iqx",13.07,"1","GENERAL","Study4","PROLIFIC","Twitter/X","male","Male",,"Asian","hs_or_less","high school diploma or GED ","Unemployed and looking for work","$50,000-$74,999","unemployed","91786","18-24","Republican",,100,100,"BEAUTY",60,100,100,0,100,100,100,100,0,100
"224","R_77NehATub4p0Iqx",13.07,"1","GENERAL","Study4","PROLIFIC","Twitter/X","male","Male",,"Asian","hs_or_less","high school diploma or GED ","Unemployed and looking for work","$50,000-$74,999","unemployed","91786","18-24","Republican",,100,100,"INTENT",40,0,0,100,0,0,0,0,100,0
"225","R_3PtBJeSbDqvah1C",21.12,"1","GENERAL","Study4","PROLIFIC","Facebook","female","Female",,"White or Caucasian","hs_or_less","high school diploma or GED ","Other","$100,000-$149,999","Owner operator","29461","45-54","Independent",,50,50,"DESIGN",75,50,18,18,34,71,23,77,34,18
"226","R_3PtBJeSbDqvah1C",21.12,"1","GENERAL","Study4","PROLIFIC","Facebook","female","Female",,"White or Caucasian","hs_or_less","high school diploma or GED ","Other","$100,000-$149,999","Owner operator","29461","45-54","Independent",,50,50,"DATA",37,38,25,26,34,78,28,46,65,11
"227","R_3PtBJeSbDqvah1C",21.12,"1","GENERAL","Study4","PROLIFIC","Facebook","female","Female",,"White or Caucasian","hs_or_less","high school diploma or GED ","Other","$100,000-$149,999","Owner operator","29461","45-54","Independent",,50,50,"POLITICS",25,50,50,73,29,26,50,50,26,50
"228","R_3PtBJeSbDqvah1C",21.12,"1","GENERAL","Study4","PROLIFIC","Facebook","female","Female",,"White or Caucasian","hs_or_less","high school diploma or GED ","Other","$100,000-$149,999","Owner operator","29461","45-54","Independent",,50,50,"TRUST",50,50,64,27,40,28,73,50,78,83
"229","R_3PtBJeSbDqvah1C",21.12,"1","GENERAL","Study4","PROLIFIC","Facebook","female","Female",,"White or Caucasian","hs_or_less","high school diploma or GED ","Other","$100,000-$149,999","Owner operator","29461","45-54","Independent",,50,50,"ALIGN",50,50,50,28,50,50,50,49,77,79
"230","R_3PtBJeSbDqvah1C",21.12,"1","GENERAL","Study4","PROLIFIC","Facebook","female","Female",,"White or Caucasian","hs_or_less","high school diploma or GED ","Other","$100,000-$149,999","Owner operator","29461","45-54","Independent",,50,50,"BEAUTY",27,38,51,58,51,29,38,50,65,50
"231","R_3PtBJeSbDqvah1C",21.12,"1","GENERAL","Study4","PROLIFIC","Facebook","female","Female",,"White or Caucasian","hs_or_less","high school diploma or GED ","Other","$100,000-$149,999","Owner operator","29461","45-54","Independent",,50,50,"INTENT",26,50,34,65,38,67,28,50,51,9
"232","R_3Jh0YuZ9zxYKUH2",31.28,"1","GENERAL","Study4","PROLIFIC","Twitter/X","male","Male",,"Black or African American","ugrad","undergradudate degree","Working full-time","$50,000-$74,999","Writer","11003","35-44","Independent",,11,28,"DESIGN",23,17,42,67,25,24,19,42,34,29
"233","R_3Jh0YuZ9zxYKUH2",31.28,"1","GENERAL","Study4","PROLIFIC","Twitter/X","male","Male",,"Black or African American","ugrad","undergradudate degree","Working full-time","$50,000-$74,999","Writer","11003","35-44","Independent",,11,28,"DATA",41,5,20,36,25,45,23,21,29,25
"234","R_3Jh0YuZ9zxYKUH2",31.28,"1","GENERAL","Study4","PROLIFIC","Twitter/X","male","Male",,"Black or African American","ugrad","undergradudate degree","Working full-time","$50,000-$74,999","Writer","11003","35-44","Independent",,11,28,"POLITICS",24,51,51,71,23,0,51,49,0,51
"235","R_3Jh0YuZ9zxYKUH2",31.28,"1","GENERAL","Study4","PROLIFIC","Twitter/X","male","Male",,"Black or African American","ugrad","undergradudate degree","Working full-time","$50,000-$74,999","Writer","11003","35-44","Independent",,11,28,"TRUST",51,59,52,57,68,54,63,53,59,73
"236","R_3Jh0YuZ9zxYKUH2",31.28,"1","GENERAL","Study4","PROLIFIC","Twitter/X","male","Male",,"Black or African American","ugrad","undergradudate degree","Working full-time","$50,000-$74,999","Writer","11003","35-44","Independent",,11,28,"ALIGN",52,52,60,58,54,81,60,82,75,55
"237","R_3Jh0YuZ9zxYKUH2",31.28,"1","GENERAL","Study4","PROLIFIC","Twitter/X","male","Male",,"Black or African American","ugrad","undergradudate degree","Working full-time","$50,000-$74,999","Writer","11003","35-44","Independent",,11,28,"BEAUTY",70,63,33,65,59,75,77,19,57,57
"238","R_3Jh0YuZ9zxYKUH2",31.28,"1","GENERAL","Study4","PROLIFIC","Twitter/X","male","Male",,"Black or African American","ugrad","undergradudate degree","Working full-time","$50,000-$74,999","Writer","11003","35-44","Independent",,11,28,"INTENT",81,16,15,82,0,100,0,2,100,0
"239","R_5qxjcUjTqpHFCkR",33.97,"1","GENERAL","Study4","PROLIFIC","Instagram","female","Female",,"White or Caucasian","ugrad","undergradudate degree","Working full-time","$150,000 or more","Associate financial representative","55044","25-34","Republican",,63,76,"DESIGN",25,19,35,37,71,25,19,35,91,26
"240","R_5qxjcUjTqpHFCkR",33.97,"1","GENERAL","Study4","PROLIFIC","Instagram","female","Female",,"White or Caucasian","ugrad","undergradudate degree","Working full-time","$150,000 or more","Associate financial representative","55044","25-34","Republican",,63,76,"DATA",24,17,28,39,73,25,26,29,91,39
"241","R_5qxjcUjTqpHFCkR",33.97,"1","GENERAL","Study4","PROLIFIC","Instagram","female","Female",,"White or Caucasian","ugrad","undergradudate degree","Working full-time","$150,000 or more","Associate financial representative","55044","25-34","Republican",,63,76,"POLITICS",31,50,50,71,23,31,50,42,6,70
"242","R_5qxjcUjTqpHFCkR",33.97,"1","GENERAL","Study4","PROLIFIC","Instagram","female","Female",,"White or Caucasian","ugrad","undergradudate degree","Working full-time","$150,000 or more","Associate financial representative","55044","25-34","Republican",,63,76,"TRUST",61,64,55,56,25,53,77,59,25,69
"243","R_5qxjcUjTqpHFCkR",33.97,"1","GENERAL","Study4","PROLIFIC","Instagram","female","Female",,"White or Caucasian","ugrad","undergradudate degree","Working full-time","$150,000 or more","Associate financial representative","55044","25-34","Republican",,63,76,"ALIGN",50,50,50,50,49,50,50,50,36,56
"244","R_5qxjcUjTqpHFCkR",33.97,"1","GENERAL","Study4","PROLIFIC","Instagram","female","Female",,"White or Caucasian","ugrad","undergradudate degree","Working full-time","$150,000 or more","Associate financial representative","55044","25-34","Republican",,63,76,"BEAUTY",54,60,60,34,23,54,60,60,19,35
"245","R_5qxjcUjTqpHFCkR",33.97,"1","GENERAL","Study4","PROLIFIC","Instagram","female","Female",,"White or Caucasian","ugrad","undergradudate degree","Working full-time","$150,000 or more","Associate financial representative","55044","25-34","Republican",,63,76,"INTENT",36,36,34,44,71,36,28,34,80,26
"246","R_333TwhUmxxrVaVF",35.02,"1","GENERAL","Study4","PROLIFIC","Instagram","female","Female",,"White or Caucasian","grad","graduate or professional degree","Other","$75,000-$99,999","marketing","11213","35-44","Independent",,0,0,"DESIGN",80,38,40,39,27,68,37,26,30,26
"247","R_333TwhUmxxrVaVF",35.02,"1","GENERAL","Study4","PROLIFIC","Instagram","female","Female",,"White or Caucasian","grad","graduate or professional degree","Other","$75,000-$99,999","marketing","11213","35-44","Independent",,0,0,"DATA",40,34,25,38,39,61,30,27,32,27
"248","R_333TwhUmxxrVaVF",35.02,"1","GENERAL","Study4","PROLIFIC","Instagram","female","Female",,"White or Caucasian","grad","graduate or professional degree","Other","$75,000-$99,999","marketing","11213","35-44","Independent",,0,0,"POLITICS",27,52,51,65,43,26,51,38,15,49
"249","R_333TwhUmxxrVaVF",35.02,"1","GENERAL","Study4","PROLIFIC","Instagram","female","Female",,"White or Caucasian","grad","graduate or professional degree","Other","$75,000-$99,999","marketing","11213","35-44","Independent",,0,0,"TRUST",37,71,70,51,59,30,51,52,70,67
"250","R_333TwhUmxxrVaVF",35.02,"1","GENERAL","Study4","PROLIFIC","Instagram","female","Female",,"White or Caucasian","grad","graduate or professional degree","Other","$75,000-$99,999","marketing","11213","35-44","Independent",,0,0,"ALIGN",51,51,65,43,61,53,51,70,77,58
"251","R_333TwhUmxxrVaVF",35.02,"1","GENERAL","Study4","PROLIFIC","Instagram","female","Female",,"White or Caucasian","grad","graduate or professional degree","Other","$75,000-$99,999","marketing","11213","35-44","Independent",,0,0,"BEAUTY",27,16,25,26,59,26,11,26,28,63
"252","R_333TwhUmxxrVaVF",35.02,"1","GENERAL","Study4","PROLIFIC","Instagram","female","Female",,"White or Caucasian","grad","graduate or professional degree","Other","$75,000-$99,999","marketing","11213","35-44","Independent",,0,0,"INTENT",63,24,20,67,30,80,25,29,79,30
"253","R_3pFZqU0MpWAofjQ",37.5,"1","GENERAL","Study4","PROLIFIC","Facebook","female","Female",,"White or Caucasian","grad","graduate or professional degree","Working full-time","$50,000-$74,999","Government","79936","45-54","Republican",,91,85,"DESIGN",100,30,99,0,63,100,50,100,17,50
"254","R_3pFZqU0MpWAofjQ",37.5,"1","GENERAL","Study4","PROLIFIC","Facebook","female","Female",,"White or Caucasian","grad","graduate or professional degree","Working full-time","$50,000-$74,999","Government","79936","45-54","Republican",,91,85,"DATA",100,30,100,0,64,100,68,100,50,0
"255","R_3pFZqU0MpWAofjQ",37.5,"1","GENERAL","Study4","PROLIFIC","Facebook","female","Female",,"White or Caucasian","grad","graduate or professional degree","Working full-time","$50,000-$74,999","Government","79936","45-54","Republican",,91,85,"POLITICS",30,51,51,86,0,30,50,0,0,51
"256","R_3pFZqU0MpWAofjQ",37.5,"1","GENERAL","Study4","PROLIFIC","Facebook","female","Female",,"White or Caucasian","grad","graduate or professional degree","Working full-time","$50,000-$74,999","Government","79936","45-54","Republican",,91,85,"TRUST",30,70,38,88,0,50,51,31,0,70
"257","R_3pFZqU0MpWAofjQ",37.5,"1","GENERAL","Study4","PROLIFIC","Facebook","female","Female",,"White or Caucasian","grad","graduate or professional degree","Working full-time","$50,000-$74,999","Government","79936","45-54","Republican",,91,85,"ALIGN",30,51,71,91,0,50,51,33,0,59
"258","R_3pFZqU0MpWAofjQ",37.5,"1","GENERAL","Study4","PROLIFIC","Facebook","female","Female",,"White or Caucasian","grad","graduate or professional degree","Working full-time","$50,000-$74,999","Government","79936","45-54","Republican",,91,85,"BEAUTY",0,65,13,100,31,2,51,0,76,21
"259","R_3pFZqU0MpWAofjQ",37.5,"1","GENERAL","Study4","PROLIFIC","Facebook","female","Female",,"White or Caucasian","grad","graduate or professional degree","Working full-time","$50,000-$74,999","Government","79936","45-54","Republican",,91,85,"INTENT",0,20,51,100,61,10,64,35,100,23
"260","R_7I0pOsddWMwgFmp",53.72,"1","GENERAL","Study4","PROLIFIC","Instagram","male","Male",,"Black or African American","grad","graduate or professional degree","Working full-time","$50,000-$74,999","Bank","85001","35-44","Democrat",,91,81,"DESIGN",65,28,50,100,90,65,28,50,100,90
"261","R_7I0pOsddWMwgFmp",53.72,"1","GENERAL","Study4","PROLIFIC","Instagram","male","Male",,"Black or African American","grad","graduate or professional degree","Working full-time","$50,000-$74,999","Bank","85001","35-44","Democrat",,91,81,"DATA",64,30,50,86,74,64,30,50,100,74
"262","R_7I0pOsddWMwgFmp",53.72,"1","GENERAL","Study4","PROLIFIC","Instagram","male","Male",,"Black or African American","grad","graduate or professional degree","Working full-time","$50,000-$74,999","Bank","85001","35-44","Democrat",,91,81,"POLITICS",35,40,50,100,76,35,40,50,100,76
"263","R_7I0pOsddWMwgFmp",53.72,"1","GENERAL","Study4","PROLIFIC","Instagram","male","Male",,"Black or African American","grad","graduate or professional degree","Working full-time","$50,000-$74,999","Bank","85001","35-44","Democrat",,91,81,"TRUST",0,65,50,100,70,50,65,50,100,70
"264","R_7I0pOsddWMwgFmp",53.72,"1","GENERAL","Study4","PROLIFIC","Instagram","male","Male",,"Black or African American","grad","graduate or professional degree","Working full-time","$50,000-$74,999","Bank","85001","35-44","Democrat",,91,81,"ALIGN",0,0,60,0,50,50,0,60,0,50
"265","R_7I0pOsddWMwgFmp",53.72,"1","GENERAL","Study4","PROLIFIC","Instagram","male","Male",,"Black or African American","grad","graduate or professional degree","Working full-time","$50,000-$74,999","Bank","85001","35-44","Democrat",,91,81,"BEAUTY",79,75,75,100,50,79,75,75,100,50
"266","R_7I0pOsddWMwgFmp",53.72,"1","GENERAL","Study4","PROLIFIC","Instagram","male","Male",,"Black or African American","grad","graduate or professional degree","Working full-time","$50,000-$74,999","Bank","85001","35-44","Democrat",,91,81,"INTENT",51,23,30,100,20,51,23,30,100,21
"267","R_6PcFdLhNPv2KzrP",62.97,"1","GENERAL","Study4","PROLIFIC","Twitter/X","female","Female",,"White or Caucasian","grad","graduate or professional degree","Working full-time","$100,000-$149,999","Creative Manager","38863","45-54","Republican",,76,65,"DESIGN",49,46,46,50,60,60,47,48,47,60
"268","R_6PcFdLhNPv2KzrP",62.97,"1","GENERAL","Study4","PROLIFIC","Twitter/X","female","Female",,"White or Caucasian","grad","graduate or professional degree","Working full-time","$100,000-$149,999","Creative Manager","38863","45-54","Republican",,76,65,"DATA",44,45,45,51,39,33,48,47,49,50
"269","R_6PcFdLhNPv2KzrP",62.97,"1","GENERAL","Study4","PROLIFIC","Twitter/X","female","Female",,"White or Caucasian","grad","graduate or professional degree","Working full-time","$100,000-$149,999","Creative Manager","38863","45-54","Republican",,76,65,"POLITICS",58,51,51,51,38,67,50,50,38,31
"270","R_6PcFdLhNPv2KzrP",62.97,"1","GENERAL","Study4","PROLIFIC","Twitter/X","female","Female",,"White or Caucasian","grad","graduate or professional degree","Working full-time","$100,000-$149,999","Creative Manager","38863","45-54","Republican",,76,65,"TRUST",70,68,79,67,72,67,68,61,52,72
"271","R_6PcFdLhNPv2KzrP",62.97,"1","GENERAL","Study4","PROLIFIC","Twitter/X","female","Female",,"White or Caucasian","grad","graduate or professional degree","Working full-time","$100,000-$149,999","Creative Manager","38863","45-54","Republican",,76,65,"ALIGN",67,51,51,51,44,68,37,80,35,80
"272","R_6PcFdLhNPv2KzrP",62.97,"1","GENERAL","Study4","PROLIFIC","Twitter/X","female","Female",,"White or Caucasian","grad","graduate or professional degree","Working full-time","$100,000-$149,999","Creative Manager","38863","45-54","Republican",,76,65,"BEAUTY",50,75,73,69,42,55,75,51,51,67
"273","R_6PcFdLhNPv2KzrP",62.97,"1","GENERAL","Study4","PROLIFIC","Twitter/X","female","Female",,"White or Caucasian","grad","graduate or professional degree","Working full-time","$100,000-$149,999","Creative Manager","38863","45-54","Republican",,76,65,"INTENT",44,36,41,46,35,72,44,42,90,34
"274","R_3dt0X66VTIcPzJf",18.82,"1","GENERAL","Study4","PROLIFIC","Twitter/X","female","Female",,"White or Caucasian","hs_or_less","high school diploma or GED ","Retired","$75,000-$99,999","retired","08802","45-54","Democrat",,2,5,"DESIGN",80,43,58,40,63,80,43,32,40,79
"275","R_3dt0X66VTIcPzJf",18.82,"1","GENERAL","Study4","PROLIFIC","Twitter/X","female","Female",,"White or Caucasian","hs_or_less","high school diploma or GED ","Retired","$75,000-$99,999","retired","08802","45-54","Democrat",,2,5,"DATA",80,42,28,36,66,80,59,28,36,85
"276","R_3dt0X66VTIcPzJf",18.82,"1","GENERAL","Study4","PROLIFIC","Twitter/X","female","Female",,"White or Caucasian","hs_or_less","high school diploma or GED ","Retired","$75,000-$99,999","retired","08802","45-54","Democrat",,2,5,"POLITICS",20,60,55,70,57,20,41,50,15,50
"277","R_3dt0X66VTIcPzJf",18.82,"1","GENERAL","Study4","PROLIFIC","Twitter/X","female","Female",,"White or Caucasian","hs_or_less","high school diploma or GED ","Retired","$75,000-$99,999","retired","08802","45-54","Democrat",,2,5,"TRUST",65,57,56,40,58,65,57,65,73,42
"278","R_3dt0X66VTIcPzJf",18.82,"1","GENERAL","Study4","PROLIFIC","Twitter/X","female","Female",,"White or Caucasian","hs_or_less","high school diploma or GED ","Retired","$75,000-$99,999","retired","08802","45-54","Democrat",,2,5,"ALIGN",67,56,42,36,42,67,59,50,75,50
"279","R_3dt0X66VTIcPzJf",18.82,"1","GENERAL","Study4","PROLIFIC","Twitter/X","female","Female",,"White or Caucasian","hs_or_less","high school diploma or GED ","Retired","$75,000-$99,999","retired","08802","45-54","Democrat",,2,5,"BEAUTY",41,56,56,23,3,41,56,56,23,0
"280","R_3dt0X66VTIcPzJf",18.82,"1","GENERAL","Study4","PROLIFIC","Twitter/X","female","Female",,"White or Caucasian","hs_or_less","high school diploma or GED ","Retired","$75,000-$99,999","retired","08802","45-54","Democrat",,2,5,"INTENT",38,36,12,60,39,30,17,2,71,39
